ticket_id,text,coarse_category,issue_type,resolution,is_noisy
1000,vpn client says authentication failed but passwrod is correct,Network,vpn_connection_failure,"Restart the VPN client, confirm correct server region, and re-authenticate via SSO. If error 809 persists, check that UDP port 500/4500 is not blocked by local firewall.",True
1001,vpn keeps disconnecting every few minutes,Network,vpn_connection_failure,"Restart the VPN client, confirm correct server region, and re-authenticate via SSO. If error 809 persists, check that UDP port 500/4500 is not blocked by local firewall.",True
1002,lost my phone and cant complete two factor authentication,Access_Login,mfa_issues,"Re-sync the authenticator app time, or issue a temporary bypass code after identity verification. For lost devices, de-register old device and enroll a new one via the security portal.",False
1003,unable to establish vpn tunnel from home network,Network,vpn_connection_failure,"Restart the VPN client, confirm correct server region, and re-authenticate via SSO. If error 809 persists, check that UDP port 500/4500 is not blocked by local firewall.",False
1004,need passwrod reset for email asap plz help ticket urgent,Access_Login,password_reset,"Verify identity via registered MFA device, then trigger self-service password reset portal. If account is locked, unlock via IAM console after identity verification.",True
1005,windows update stuck at 45 percent for hours,Software,update_failure,"Run the Windows Update troubleshooter, clear the SoftwareDistribution cache, and retry; for persistent 0x8007xxxx errors, run DISM /RestoreHealth.",False
1006,application freezes and has to be force closed,Software,app_crash,"Clear the application cache/profile, repair the Office installation, and check Event Viewer for the specific exception to identify a faulty add-in.",False
1007,emails delayed by several hours,Account_Access_Data,email_not_syncing,"Check mailbox size against quota, repair the Outlook profile/OST file, and verify Exchange server connectivity status.",False
1008,file transfers to shared drive are taking forever,Network,slow_network_speed,"Run a speed test from a wired connection to isolate WiFi vs WAN issues, check for bandwidth-heavy background syncs, and escalate to network team if WAN saturation confirmed.",False
1009,VPN keeps disconnecting every few minutes,Network,vpn_connection_failure,"Restart the VPN client, confirm correct server region, and re-authenticate via SSO. If error 809 persists, check that UDP port 500/4500 is not blocked by local firewall.",False
1010,cant install latest security patch asap plz help ticket urgent,Software,update_failure,"Run the Windows Update troubleshooter, clear the SoftwareDistribution cache, and retry; for persistent 0x8007xxxx errors, run DISM /RestoreHealth.",True
1011,sso says invalid session pls try again,Access_Login,sso_login_error,"Clear browser cookies/cache for the identity provider domain, confirm system clock is correct, and retry. If persistent, check IdP status page for outages.",True
1012,VPN keeps disconnecting every few minutes,Network,vpn_connection_failure,"Restart the VPN client, confirm correct server region, and re-authenticate via SSO. If error 809 persists, check that UDP port 500/4500 is not blocked by local firewall.",False
1013,need access to install adobe photoshop,Software,software_install_request,"Submit software request through the self-service catalog for auto-approved titles; for licensed software, route to procurement for license allocation before install.",True
1014,application freezes and has to be force closed,Software,app_crash,"Clear the application cache/profile, repair the Office installation, and check Event Viewer for the specific exception to identify a faulty add-in.",True
1015,"black screen on startup, no bios logo",Hardware,laptop_wont_boot,"Confirm power adapter and battery health, attempt a hard reset (hold power 15s), and if no POST, escalate for hardware diagnostic/replacement.",False
1016,VPN keps disconnecting every few minutes,Network,vpn_connection_failure,"Restart the VPN client, confirm correct server region, and re-authenticate via SSO. If error 809 persists, check that UDP port 500/4500 is not blocked by local firewall.",True
1017,cannot install latest security patch,Software,update_failure,"Run the Windows Update troubleshooter, clear the SoftwareDistribution cache, and retry; for persistent 0x8007xxxx errors, run DISM /RestoreHealth.",False
1018,internet is extremely slow today,Network,slow_network_speed,"Run a speed test from a wired connection to isolate WiFi vs WAN issues, check for bandwidth-heavy background syncs, and escalate to network team if WAN saturation confirmed.",False
1019,sent items not showing up in outlook,Account_Access_Data,email_not_syncing,"Check mailbox size against quota, repair the Outlook profile/OST file, and verify Exchange server connectivity status.",True
1020,second monitor shows no signal,Hardware,monitor_no_display,"Reseat the display cable, verify dock firmware is current, and force-detect displays via display settings; swap cable/port to isolate faulty hardware.",False
1021,network speed test shows less than 1mbps,Network,slow_network_speed,"Run a speed test from a wired connection to isolate WiFi vs WAN issues, check for bandwidth-heavy background syncs, and escalate to network team if WAN saturation confirmed.",False
1022,need to restore a folder from last week,Account_Access_Data,data_recovery_request,"Check the recycle bin/OneDrive version history first; if unavailable, submit a backup restore request with file path and approximate deletion date.",True
1023,network speed test shows less than 1mbps,Network,slow_network_speed,"Run a speed test from a wired connection to isolate WiFi vs WAN issues, check for bandwidth-heavy background syncs, and escalate to network team if WAN saturation confirmed.",False
1024,laptop wont get an ip address on teh corporate wifi,Network,wifi_no_internet,"Forget and rejoin the WiFi network, renew DHCP lease (ipconfig /release && /renew), and confirm the access point is on the latest firmware.",True
1025,permission denied when opening team folder,Account_Access_Data,shared_drive_access,"Verify correct security group membership in AD/IAM, request manager approval if not yet a member, and add user to the relevant access group.",False
1026,need access added to project shared drive,Account_Access_Data,shared_drive_access,"Verify correct security group membership in AD/IAM, request manager approval if not yet a member, and add user to the relevant access group.",False
1027,emails delayed by several hours,Account_Access_Data,email_not_syncing,"Check mailbox size against quota, repair the Outlook profile/OST file, and verify Exchange server connectivity status.",False
1028,"cant access okta dashboard, blank page after login",Access_Login,sso_login_error,"Clear browser cookies/cache for the identity provider domain, confirm system clock is correct, and retry. If persistent, check IdP status page for outages.",False
1029,prints come out blank,Hardware,printer_not_working,"Clear the print queue and restart the print spooler service, reinstall printer driver if offline persists, check toner/ink levels for blank output.",True
1030,forgot my password and cant login,Access_Login,password_reset,"Verify identity via registered MFA device, then trigger self-service password reset portal. If account is locked, unlock via IAM console after identity verification.",False
1031,VPN keeps disconnecting every few minutes,Network,vpn_connection_failure,"Restart the VPN client, confirm correct server region, and re-authenticate via SSO. If error 809 persists, check that UDP port 500/4500 is not blocked by local firewall.",False
1032,"black screen on startup, no bios logo",Hardware,laptop_wont_boot,"Confirm power adapter and battery health, attempt a hard reset (hold power 15s), and if no POST, escalate for hardware diagnostic/replacement.",True
1033,emails delayed by several hours,Account_Access_Data,email_not_syncing,"Check mailbox size against quota, repair the Outlook profile/OST file, and verify Exchange server connectivity status.",False
1034,outlook keps crashing on startup,Software,app_crash,"Clear the application cache/profile, repair the Office installation, and check Event Viewer for the specific exception to identify a faulty add-in.",True
1035,unable to establish vpn tunnel from home network,Network,vpn_connection_failure,"Restart the VPN client, confirm correct server region, and re-authenticate via SSO. If error 809 persists, check that UDP port 500/4500 is not blocked by local firewall.",False
1036,cant connect to company VPN,Network,vpn_connection_failure,"Restart the VPN client, confirm correct server region, and re-authenticate via SSO. If error 809 persists, check that UDP port 500/4500 is not blocked by local firewall.",True
1037,windows update stuck at 45 percent for hours,Software,update_failure,"Run the Windows Update troubleshooter, clear the SoftwareDistribution cache, and retry; for persistent 0x8007xxxx errors, run DISM /RestoreHealth.",True
1038,"locked out of my workstation, wrong password too many times",Access_Login,password_reset,"Verify identity via registered MFA device, then trigger self-service password reset portal. If account is locked, unlock via IAM console after identity verification.",False
1039,not receiving mfa code on my phone,Access_Login,mfa_issues,"Re-sync the authenticator app time, or issue a temporary bypass code after identity verification. For lost devices, de-register old device and enroll a new one via the security portal.",True
1040,prints come out blank,Hardware,printer_not_working,"Clear the print queue and restart the print spooler service, reinstall printer driver if offline persists, check toner/ink levels for blank output.",True
1041,laptop wont turn on at all,Hardware,laptop_wont_boot,"Confirm power adapter and battery health, attempt a hard reset (hold power 15s), and if no POST, escalate for hardware diagnostic/replacement.",False
1042,need to restore a folder asap plz help ticket urgent,Account_Access_Data,data_recovery_request,"Check the recycle bin/OneDrive version history first; if unavailable, submit a backup restore request with file path and approximate deletion date.",True
1043,not receiving mfa code on my phone,Access_Login,mfa_issues,"Re-sync the authenticator app time, or issue a temporary bypass code after identity verification. For lost devices, de-register old device and enroll a new one via the security portal.",False
1044,dont have access to the finance shared drive,Account_Access_Data,shared_drive_access,"Verify correct security group membership in AD/IAM, request manager approval if not yet a member, and add user to the relevant access group.",False
1045,cannot install latest security patch,Software,update_failure,"Run the Windows Update troubleshooter, clear the SoftwareDistribution cache, and retry; for persistent 0x8007xxxx errors, run DISM /RestoreHealth.",False
1046,cant acess okta dashboard blank page after login,Access_Login,sso_login_error,"Clear browser cookies/cache for the identity provider domain, confirm system clock is correct, and retry. If persistent, check IdP status page for outages.",True
1047,unable to establish vpn tunnel from home network,Network,vpn_connection_failure,"Restart the VPN client, confirm correct server region, and re-authenticate via SSO. If error 809 persists, check that UDP port 500/4500 is not blocked by local firewall.",False
1048,dont have access to the finance shared drive,Account_Access_Data,shared_drive_access,"Verify correct security group membership in AD/IAM, request manager approval if not yet a member, and add user to the relevant access group.",False
1049,emails delayed by several hours,Account_Access_Data,email_not_syncing,"Check mailbox size against quota, repair the Outlook profile/OST file, and verify Exchange server connectivity status.",False
1050,VPN client says authentication failed but passwrod is correct,Network,vpn_connection_failure,"Restart the VPN client, confirm correct server region, and re-authenticate via SSO. If error 809 persists, check that UDP port 500/4500 is not blocked by local firewall.",True
1051,need access added to project shared drive,Account_Access_Data,shared_drive_access,"Verify correct security group membership in AD/IAM, request manager approval if not yet a member, and add user to the relevant access group.",False
1052,VPN client says authentication failed but passwrod is correct,Network,vpn_connection_failure,"Restart the VPN client, confirm correct server region, and re-authenticate via SSO. If error 809 persists, check that UDP port 500/4500 is not blocked by local firewall.",True
1053,"cant access okta dashboard, blank page after login",Access_Login,sso_login_error,"Clear browser cookies/cache for the identity provider domain, confirm system clock is correct, and retry. If persistent, check IdP status page for outages.",False
1054,laptop wont turn on at all,Hardware,laptop_wont_boot,"Confirm power adapter and battery health, attempt a hard reset (hold power 15s), and if no POST, escalate for hardware diagnostic/replacement.",False
1055,laptop wont turn on at all,Hardware,laptop_wont_boot,"Confirm power adapter and battery health, attempt a hard reset (hold power 15s), and if no POST, escalate for hardware diagnostic/replacement.",False
1056,"cant acess okta dashboard, blank",Access_Login,sso_login_error,"Clear browser cookies/cache for the identity provider domain, confirm system clock is correct, and retry. If persistent, check IdP status page for outages.",True
1057,single sign on redirect loop when logging into portal,Access_Login,sso_login_error,"Clear browser cookies/cache for the identity provider domain, confirm system clock is correct, and retry. If persistent, check IdP status page for outages.",False
1058,need to restore a folder from last week,Account_Access_Data,data_recovery_request,"Check the recycle bin/OneDrive version history first; if unavailable, submit a backup restore request with file path and approximate deletion date.",False
1059,laptop wont get an ip address on the corporate wifi,Network,wifi_no_internet,"Forget and rejoin the WiFi network, renew DHCP lease (ipconfig /release && /renew), and confirm the access point is on the latest firmware.",False
1060,"Wifi shows connected with no internet, exclamation mark on icon",Network,wifi_no_internet,"Forget and rejoin the WiFi network, renew DHCP lease (ipconfig /release && /renew), and confirm the access point is on the latest firmware.",False
1061,internet dropping every 10 mins on wireless,Network,wifi_no_internet,"Forget and rejoin the WiFi network, renew DHCP lease (ipconfig /release && /renew), and confirm the access point is on the latest firmware.",False
1062,account locked after too many login attempts,Access_Login,password_reset,"Verify identity via registered MFA device, then trigger self-service password reset portal. If account is locked, unlock via IAM console after identity verification.",False
1063,not receiving mfa code on my phone,Access_Login,mfa_issues,"Re-sync the authenticator app time, or issue a temporary bypass code after identity verification. For lost devices, de-register old device and enroll a new one via the security portal.",True
1064,"authenticator app out of sync, codes rejected",Access_Login,mfa_issues,"Re-sync the authenticator app time, or issue a temporary bypass code after identity verification. For lost devices, de-register old device and enroll a new one via the security portal.",False
1065,connected to office wifi but no internet access,Network,wifi_no_internet,"Forget and rejoin the WiFi network, renew DHCP lease (ipconfig /release && /renew), and confirm the access point is on the latest firmware.",False
1066,"locked out of my workstation, wrong password too many times",Access_Login,password_reset,"Verify identity via registered MFA device, then trigger self-service password reset portal. If account is locked, unlock via IAM console after identity verification.",False
1067,forgot my password and cant login,Access_Login,password_reset,"Verify identity via registered MFA device, then trigger self-service password reset portal. If account is locked, unlock via IAM console after identity verification.",False
1068,"cant install software, admin rights required",Software,software_install_request,"Submit software request through the self-service catalog for auto-approved titles; for licensed software, route to procurement for license allocation before install.",False
1069,prints come out blank,Hardware,printer_not_working,"Clear the print queue and restart the print spooler service, reinstall printer driver if offline persists, check toner/ink levels for blank output.",False
1070,outlook not syncing new emails,Account_Access_Data,email_not_syncing,"Check mailbox size against quota, repair the Outlook profile/OST file, and verify Exchange server connectivity status.",True
1071,video calls keep freezing due to slow connection,Network,slow_network_speed,"Run a speed test from a wired connection to isolate WiFi vs WAN issues, check for bandwidth-heavy background syncs, and escalate to network team if WAN saturation confirmed.",False
1072,printer not responding from my computer,Hardware,printer_not_working,"Clear the print queue and restart the print spooler service, reinstall printer driver if offline persists, check toner/ink levels for blank output.",False
1073,need acess added to project shared drive,Account_Access_Data,shared_drive_access,"Verify correct security group membership in AD/IAM, request manager approval if not yet a member, and add user to the relevant access group.",True
1074,mfa push notification never arrives,Access_Login,mfa_issues,"Re-sync the authenticator app time, or issue a temporary bypass code after identity verification. For lost devices, de-register old device and enroll a new one via the security portal.",True
1075,screen flickering constantly on external display,Hardware,monitor_no_display,"Reseat the display cable, verify dock firmware is current, and force-detect displays via display settings; swap cable/port to isolate faulty hardware.",False
1076,printer showing offline even though its on,Hardware,printer_not_working,"Clear the print queue and restart the print spooler service, reinstall printer driver if offline persists, check toner/ink levels for blank output.",False
1077,mfa push notification never arrives,Access_Login,mfa_issues,"Re-sync the authenticator app time, or issue a temporary bypass code after identity verification. For lost devices, de-register old device and enroll a new one via the security portal.",False
1078,"cant access okta dashboard, blank page after login",Access_Login,sso_login_error,"Clear browser cookies/cache for the identity provider domain, confirm system clock is correct, and retry. If persistent, check IdP status page for outages.",False
1079,laptop wont get an ip address on the corporate wifi,Network,wifi_no_internet,"Forget and rejoin the WiFi network, renew DHCP lease (ipconfig /release && /renew), and confirm the access point is on the latest firmware.",True
1080,emails delayed by several hours,Account_Access_Data,email_not_syncing,"Check mailbox size against quota, repair the Outlook profile/OST file, and verify Exchange server connectivity status.",False
1081,screen flickering constantly on external display,Hardware,monitor_no_display,"Reseat the display cable, verify dock firmware is current, and force-detect displays via display settings; swap cable/port to isolate faulty hardware.",True
1082,forgot my passwrod and cant login asap plz help ticket urgent,Access_Login,password_reset,"Verify identity via registered MFA device, then trigger self-service password reset portal. If account is locked, unlock via IAM console after identity verification.",True
1083,need a license for project management tool,Software,software_install_request,"Submit software request through the self-service catalog for auto-approved titles; for licensed software, route to procurement for license allocation before install.",True
1084,"Wifi shows connected with no internet, exclamation",Network,wifi_no_internet,"Forget and rejoin the WiFi network, renew DHCP lease (ipconfig /release && /renew), and confirm the access point is on the latest firmware.",True
1085,"Wifi shows connected with no internet, exclamation mark on icon",Network,wifi_no_internet,"Forget and rejoin the WiFi network, renew DHCP lease (ipconfig /release && /renew), and confirm the access point is on the latest firmware.",False
1086,lost files after a sync error,Account_Access_Data,data_recovery_request,"Check the recycle bin/OneDrive version history first; if unavailable, submit a backup restore request with file path and approximate deletion date.",False
1087,software update keeps failing and rolling back,Software,update_failure,"Run the Windows Update troubleshooter, clear the SoftwareDistribution cache, and retry; for persistent 0x8007xxxx errors, run DISM /RestoreHealth.",False
1088,emails delayed by several hours,Account_Access_Data,email_not_syncing,"Check mailbox size against quota, repair the Outlook profile/OST file, and verify Exchange server connectivity status.",False
1089,"cant install software, admin rights required",Software,software_install_request,"Submit software request through the self-service catalog for auto-approved titles; for licensed software, route to procurement for license allocation before install.",False
1090,monitor resolution keeps resetting,Hardware,monitor_no_display,"Reseat the display cable, verify dock firmware is current, and force-detect displays via display settings; swap cable/port to isolate faulty hardware.",False
1091,printer not responding from my computer,Hardware,printer_not_working,"Clear the print queue and restart the print spooler service, reinstall printer driver if offline persists, check toner/ink levels for blank output.",False
1092,lost my phone and cant complete two factor authentication,Access_Login,mfa_issues,"Re-sync the authenticator app time, or issue a temporary bypass code after identity verification. For lost devices, de-register old device and enroll a new one via the security portal.",False
1093,permission denied when opening team,Account_Access_Data,shared_drive_access,"Verify correct security group membership in AD/IAM, request manager approval if not yet a member, and add user to the relevant access group.",True
1094,monitor resolution keeps resetting,Hardware,monitor_no_display,"Reseat the display cable, verify dock firmware is current, and force-detect displays via display settings; swap cable/port to isolate faulty hardware.",False
1095,mfa push notification never arrives,Access_Login,mfa_issues,"Re-sync the authenticator app time, or issue a temporary bypass code after identity verification. For lost devices, de-register old device and enroll a new one via the security portal.",False
1096,accidentally deleted an important file need it back,Account_Access_Data,data_recovery_request,"Check the recycle bin/OneDrive version history first; if unavailable, submit a backup restore request with file path and approximate deletion date.",False
1097,mailbox stuck reconnecting to server,Account_Access_Data,email_not_syncing,"Check mailbox size against quota, repair the Outlook profile/OST file, and verify Exchange server connectivity status.",True
1098,update failed with error 0x80070002,Software,update_failure,"Run the Windows Update troubleshooter, clear the SoftwareDistribution cache, and retry; for persistent 0x8007xxxx errors, run DISM /RestoreHealth.",False
1099,prints come out blank asap plz help ticket urgent,Hardware,printer_not_working,"Clear the print queue and restart the print spooler service, reinstall printer driver if offline persists, check toner/ink levels for blank output.",True
1100,outlook keeps crashing on startup,Software,app_crash,"Clear the application cache/profile, repair the Office installation, and check Event Viewer for the specific exception to identify a faulty add-in.",False
1101,accidentally deleted an important file,Account_Access_Data,data_recovery_request,"Check the recycle bin/OneDrive version history first; if unavailable, submit a backup restore request with file path and approximate deletion date.",True
1102,pressed power button nothing happens,Hardware,laptop_wont_boot,"Confirm power adapter and battery health, attempt a hard reset (hold power 15s), and if no POST, escalate for hardware diagnostic/replacement.",False
1103,need a license for project management tool,Software,software_install_request,"Submit software request through the self-service catalog for auto-approved titles; for licensed software, route to procurement for license allocation before install.",True
1104,laptop wont turn on at all,Hardware,laptop_wont_boot,"Confirm power adapter and battery health, attempt a hard reset (hold power 15s), and if no POST, escalate for hardware diagnostic/replacement.",False
1105,cant connect to company vpn error code 809,Network,vpn_connection_failure,"Restart the VPN client, confirm correct server region, and re-authenticate via SSO. If error 809 persists, check that UDP port 500/4500 is not blocked by local firewall.",True
1106,lost my phone and cant complete two factor authentication,Access_Login,mfa_issues,"Re-sync the authenticator app time, or issue a temporary bypass code after identity verification. For lost devices, de-register old device and enroll a new one via the security portal.",False
1107,single sign on redirect loop when logging into portal,Access_Login,sso_login_error,"Clear browser cookies/cache for the identity provider domain, confirm system clock is correct, and retry. If persistent, check IdP status page for outages.",False
1108,not receiving mfa code on my phone,Access_Login,mfa_issues,"Re-sync the authenticator app time, or issue a temporary bypass code after identity verification. For lost devices, de-register old device and enroll a new one via the security portal.",False
1109,monitor resolution keeps resetting,Hardware,monitor_no_display,"Reseat the display cable, verify dock firmware is current, and force-detect displays via display settings; swap cable/port to isolate faulty hardware.",False
1110,account locked after too many login attempts asap plz help ticket urgent,Access_Login,password_reset,"Verify identity via registered MFA device, then trigger self-service password reset portal. If account is locked, unlock via IAM console after identity verification.",True
1111,need access added to project shared drive,Account_Access_Data,shared_drive_access,"Verify correct security group membership in AD/IAM, request manager approval if not yet a member, and add user to the relevant access group.",False
1112,compter stuck on boot loop restarting itself,Hardware,laptop_wont_boot,"Confirm power adapter and battery health, attempt a hard reset (hold power 15s), and if no POST, escalate for hardware diagnostic/replacement.",True
1113,update failed with error 0x80070002,Software,update_failure,"Run the Windows Update troubleshooter, clear the SoftwareDistribution cache, and retry; for persistent 0x8007xxxx errors, run DISM /RestoreHealth.",False
1114,lost files after a sync error,Account_Access_Data,data_recovery_request,"Check the recycle bin/OneDrive version history first; if unavailable, submit a backup restore request with file path and approximate deletion date.",False
1115,mailbox stuck reconnecting to server,Account_Access_Data,email_not_syncing,"Check mailbox size against quota, repair the Outlook profile/OST file, and verify Exchange server connectivity status.",False
1116,sent items not showing up in outlook,Account_Access_Data,email_not_syncing,"Check mailbox size against quota, repair the Outlook profile/OST file, and verify Exchange server connectivity status.",False
1117,internert dropping every 10 mins,Network,wifi_no_internet,"Forget and rejoin the WiFi network, renew DHCP lease (ipconfig /release && /renew), and confirm the access point is on the latest firmware.",True
1118,"authenticator app out of sync, codes rejected",Access_Login,mfa_issues,"Re-sync the authenticator app time, or issue a temporary bypass code after identity verification. For lost devices, de-register old device and enroll a new one via the security portal.",False
1119,printer showing offline even though its on,Hardware,printer_not_working,"Clear the print queue and restart the print spooler service, reinstall printer driver if offline persists, check toner/ink levels for blank output.",False
1120,external monitor not detected when docked,Hardware,monitor_no_display,"Reseat the display cable, verify dock firmware is current, and force-detect displays via display settings; swap cable/port to isolate faulty hardware.",False
1121,account locked after too many login attempts,Access_Login,password_reset,"Verify identity via registered MFA device, then trigger self-service password reset portal. If account is locked, unlock via IAM console after identity verification.",False
1122,update failed with error 0x80070002,Software,update_failure,"Run the Windows Update troubleshooter, clear the SoftwareDistribution cache, and retry; for persistent 0x8007xxxx errors, run DISM /RestoreHealth.",False
1123,need acess to install adobe photoshop,Software,software_install_request,"Submit software request through the self-service catalog for auto-approved titles; for licensed software, route to procurement for license allocation before install.",True
1124,mailbox stuck reconnecting to server,Account_Access_Data,email_not_syncing,"Check mailbox size against quota, repair the Outlook profile/OST file, and verify Exchange server connectivity status.",False
1125,sent items not showing up in outlook,Account_Access_Data,email_not_syncing,"Check mailbox size against quota, repair the Outlook profile/OST file, and verify Exchange server connectivity status.",False
1126,printer showing offline even though its on,Hardware,printer_not_working,"Clear the print queue and restart the print spooler service, reinstall printer driver if offline persists, check toner/ink levels for blank output.",True
1127,"locked out of my workstation, wrong password too many times",Access_Login,password_reset,"Verify identity via registered MFA device, then trigger self-service password reset portal. If account is locked, unlock via IAM console after identity verification.",True
1128,compter stuck on boot loop restarting itself,Hardware,laptop_wont_boot,"Confirm power adapter and battery health, attempt a hard reset (hold power 15s), and if no POST, escalate for hardware diagnostic/replacement.",True
1129,sso token expired immediately after login,Access_Login,sso_login_error,"Clear browser cookies/cache for the identity provider domain, confirm system clock is correct, and retry. If persistent, check IdP status page for outages.",True
1130,internert dropping every 10 mins on wireless asap plz help ticket urgent,Network,wifi_no_internet,"Forget and rejoin the WiFi network, renew DHCP lease (ipconfig /release && /renew), and confirm the access point is on the latest firmware.",True
1131,outlook not syncing new emails,Account_Access_Data,email_not_syncing,"Check mailbox size against quota, repair the Outlook profile/OST file, and verify Exchange server connectivity status.",False
1132,video calls keep freezing due to slow connection,Network,slow_network_speed,"Run a speed test from a wired connection to isolate WiFi vs WAN issues, check for bandwidth-heavy background syncs, and escalate to network team if WAN saturation confirmed.",False
1133,cant see the shared drive that my team uses,Account_Access_Data,shared_drive_access,"Verify correct security group membership in AD/IAM, request manager approval if not yet a member, and add user to the relevant access group.",False
1134,need a license for project management tool,Software,software_install_request,"Submit software request through the self-service catalog for auto-approved titles; for licensed software, route to procurement for license allocation before install.",False
1135,dont have access to the finance shared drive,Account_Access_Data,shared_drive_access,"Verify correct security group membership in AD/IAM, request manager approval if not yet a member, and add user to the relevant access group.",False
1136,sso says invalid session pls,Access_Login,sso_login_error,"Clear browser cookies/cache for the identity provider domain, confirm system clock is correct, and retry. If persistent, check IdP status page for outages.",True
1137,sent items not showing up in outlook asap plz help ticket urgent,Account_Access_Data,email_not_syncing,"Check mailbox size against quota, repair the Outlook profile/OST file, and verify Exchange server connectivity status.",True
1138,"authenticator app out of sync, codes rejected",Access_Login,mfa_issues,"Re-sync the authenticator app time, or issue a temporary bypass code after identity verification. For lost devices, de-register old device and enroll a new one via the security portal.",False
1139,permission denied when opening team folder,Account_Access_Data,shared_drive_access,"Verify correct security group membership in AD/IAM, request manager approval if not yet a member, and add user to the relevant access group.",False
1140,forgot my passwrod and cant,Access_Login,password_reset,"Verify identity via registered MFA device, then trigger self-service password reset portal. If account is locked, unlock via IAM console after identity verification.",True
1141,need a license for project management tool,Software,software_install_request,"Submit software request through the self-service catalog for auto-approved titles; for licensed software, route to procurement for license allocation before install.",False
1142,cant see the shared drive that my team uses,Account_Access_Data,shared_drive_access,"Verify correct security group membership in AD/IAM, request manager approval if not yet a member, and add user to the relevant access group.",False
1143,outlook not syncing new emails,Account_Access_Data,email_not_syncing,"Check mailbox size against quota, repair the Outlook profile/OST file, and verify Exchange server connectivity status.",True
1144,external monitor not detected when docked,Hardware,monitor_no_display,"Reseat the display cable, verify dock firmware is current, and force-detect displays via display settings; swap cable/port to isolate faulty hardware.",False
1145,mfa push notification never arrives,Access_Login,mfa_issues,"Re-sync the authenticator app time, or issue a temporary bypass code after identity verification. For lost devices, de-register old device and enroll a new one via the security portal.",False
1146,sso token expired immediately after login,Access_Login,sso_login_error,"Clear browser cookies/cache for the identity provider domain, confirm system clock is correct, and retry. If persistent, check IdP status page for outages.",False
1147,software crashes with an unhandled exception error,Software,app_crash,"Clear the application cache/profile, repair the Office installation, and check Event Viewer for the specific exception to identify a faulty add-in.",False
1148,printer not responding from my computer,Hardware,printer_not_working,"Clear the print queue and restart the print spooler service, reinstall printer driver if offline persists, check toner/ink levels for blank output.",False
1149,prints come out blank,Hardware,printer_not_working,"Clear the print queue and restart the print spooler service, reinstall printer driver if offline persists, check toner/ink levels for blank output.",True
1150,printer showing offline even though,Hardware,printer_not_working,"Clear the print queue and restart the print spooler service, reinstall printer driver if offline persists, check toner/ink levels for blank output.",True
1151,need acess to install adobe photoshop,Software,software_install_request,"Submit software request through the self-service catalog for auto-approved titles; for licensed software, route to procurement for license allocation before install.",True
1152,need access added to project shared drive,Account_Access_Data,shared_drive_access,"Verify correct security group membership in AD/IAM, request manager approval if not yet a member, and add user to the relevant access group.",False
1153,outlook keeps crashing on startup,Software,app_crash,"Clear the application cache/profile, repair the Office installation, and check Event Viewer for the specific exception to identify a faulty add-in.",False
1154,permission denied when opening team folder,Account_Access_Data,shared_drive_access,"Verify correct security group membership in AD/IAM, request manager approval if not yet a member, and add user to the relevant access group.",False
1155,video calls keep freezing due,Network,slow_network_speed,"Run a speed test from a wired connection to isolate WiFi vs WAN issues, check for bandwidth-heavy background syncs, and escalate to network team if WAN saturation confirmed.",True
1156,cannot install latest security patch,Software,update_failure,"Run the Windows Update troubleshooter, clear the SoftwareDistribution cache, and retry; for persistent 0x8007xxxx errors, run DISM /RestoreHealth.",False
1157,prints come out blank,Hardware,printer_not_working,"Clear the print queue and restart the print spooler service, reinstall printer driver if offline persists, check toner/ink levels for blank output.",False
1158,"authenticator app out of sync, codes rejected",Access_Login,mfa_issues,"Re-sync the authenticator app time, or issue a temporary bypass code after identity verification. For lost devices, de-register old device and enroll a new one via the security portal.",False
1159,need to restore a folder from last week,Account_Access_Data,data_recovery_request,"Check the recycle bin/OneDrive version history first; if unavailable, submit a backup restore request with file path and approximate deletion date.",False
1160,printer showing offline even though its on,Hardware,printer_not_working,"Clear the print queue and restart the print spooler service, reinstall printer driver if offline persists, check toner/ink levels for blank output.",False
1161,outlook not syncing new emails,Account_Access_Data,email_not_syncing,"Check mailbox size against quota, repair the Outlook profile/OST file, and verify Exchange server connectivity status.",True
1162,mfa push notification never arrives,Access_Login,mfa_issues,"Re-sync the authenticator app time, or issue a temporary bypass code after identity verification. For lost devices, de-register old device and enroll a new one via the security portal.",False
1163,need backup restore for deleted documents,Account_Access_Data,data_recovery_request,"Check the recycle bin/OneDrive version history first; if unavailable, submit a backup restore request with file path and approximate deletion date.",False
1164,"black screen on startup, no bios logo",Hardware,laptop_wont_boot,"Confirm power adapter and battery health, attempt a hard reset (hold power 15s), and if no POST, escalate for hardware diagnostic/replacement.",False
1165,not receiving mfa code on my phone,Access_Login,mfa_issues,"Re-sync the authenticator app time, or issue a temporary bypass code after identity verification. For lost devices, de-register old device and enroll a new one via the security portal.",False
1166,software update keeps failing and rolling back,Software,update_failure,"Run the Windows Update troubleshooter, clear the SoftwareDistribution cache, and retry; for persistent 0x8007xxxx errors, run DISM /RestoreHealth.",False
1167,not receiving mfa code on,Access_Login,mfa_issues,"Re-sync the authenticator app time, or issue a temporary bypass code after identity verification. For lost devices, de-register old device and enroll a new one via the security portal.",True
1168,video calls keep freezing due,Network,slow_network_speed,"Run a speed test from a wired connection to isolate WiFi vs WAN issues, check for bandwidth-heavy background syncs, and escalate to network team if WAN saturation confirmed.",True
1169,prints come out blank,Hardware,printer_not_working,"Clear the print queue and restart the print spooler service, reinstall printer driver if offline persists, check toner/ink levels for blank output.",False
1170,monitor resolution keeps resetting,Hardware,monitor_no_display,"Reseat the display cable, verify dock firmware is current, and force-detect displays via display settings; swap cable/port to isolate faulty hardware.",False
1171,windows update stuck at 45 percent for hours,Software,update_failure,"Run the Windows Update troubleshooter, clear the SoftwareDistribution cache, and retry; for persistent 0x8007xxxx errors, run DISM /RestoreHealth.",False
1172,"cant access okta dashboard, blank page after login",Access_Login,sso_login_error,"Clear browser cookies/cache for the identity provider domain, confirm system clock is correct, and retry. If persistent, check IdP status page for outages.",False
1173,connected to office wifi but no internet access,Network,wifi_no_internet,"Forget and rejoin the WiFi network, renew DHCP lease (ipconfig /release && /renew), and confirm the access point is on the latest firmware.",False
1174,"Wifi shows connected with no internet, exclamation mark on icon",Network,wifi_no_internet,"Forget and rejoin the WiFi network, renew DHCP lease (ipconfig /release && /renew), and confirm the access point is on the latest firmware.",False
1175,VPN client says authentication failed but password is correct,Network,vpn_connection_failure,"Restart the VPN client, confirm correct server region, and re-authenticate via SSO. If error 809 persists, check that UDP port 500/4500 is not blocked by local firewall.",False
1176,printer showing offline even though its on,Hardware,printer_not_working,"Clear the print queue and restart the print spooler service, reinstall printer driver if offline persists, check toner/ink levels for blank output.",False
1177,sso token expired immediately after login,Access_Login,sso_login_error,"Clear browser cookies/cache for the identity provider domain, confirm system clock is correct, and retry. If persistent, check IdP status page for outages.",False
1178,account locked after too many,Access_Login,password_reset,"Verify identity via registered MFA device, then trigger self-service password reset portal. If account is locked, unlock via IAM console after identity verification.",True
1179,"locked out of my workstation, wrong password too many times",Access_Login,password_reset,"Verify identity via registered MFA device, then trigger self-service password reset portal. If account is locked, unlock via IAM console after identity verification.",False
1180,need access to install adobe photoshop,Software,software_install_request,"Submit software request through the self-service catalog for auto-approved titles; for licensed software, route to procurement for license allocation before install.",False
1181,requesting installation of visual studio,Software,software_install_request,"Submit software request through the self-service catalog for auto-approved titles; for licensed software, route to procurement for license allocation before install.",True
1182,prnter showing offline even though its on,Hardware,printer_not_working,"Clear the print queue and restart the print spooler service, reinstall printer driver if offline persists, check toner/ink levels for blank output.",True
1183,pressed power button nothing happens asap plz help ticket urgent,Hardware,laptop_wont_boot,"Confirm power adapter and battery health, attempt a hard reset (hold power 15s), and if no POST, escalate for hardware diagnostic/replacement.",True
1184,need backup restore for deleted documents,Account_Access_Data,data_recovery_request,"Check the recycle bin/OneDrive version history first; if unavailable, submit a backup restore request with file path and approximate deletion date.",False
1185,compter stuck on boot loop restarting itself,Hardware,laptop_wont_boot,"Confirm power adapter and battery health, attempt a hard reset (hold power 15s), and if no POST, escalate for hardware diagnostic/replacement.",True
1186,single sign on redirect loop when logging into portal,Access_Login,sso_login_error,"Clear browser cookies/cache for the identity provider domain, confirm system clock is correct, and retry. If persistent, check IdP status page for outages.",False
1187,internert dropping every 10 mins on wireless,Network,wifi_no_internet,"Forget and rejoin the WiFi network, renew DHCP lease (ipconfig /release && /renew), and confirm the access point is on the latest firmware.",True
1188,need password reset for email account,Access_Login,password_reset,"Verify identity via registered MFA device, then trigger self-service password reset portal. If account is locked, unlock via IAM console after identity verification.",False
1189,computer stuck on boot loop restarting itself,Hardware,laptop_wont_boot,"Confirm power adapter and battery health, attempt a hard reset (hold power 15s), and if no POST, escalate for hardware diagnostic/replacement.",False
1190,"cant install software, admin rights required",Software,software_install_request,"Submit software request through the self-service catalog for auto-approved titles; for licensed software, route to procurement for license allocation before install.",False
1191,excel closes unexpectedly when opening large files,Software,app_crash,"Clear the application cache/profile, repair the Office installation, and check Event Viewer for the specific exception to identify a faulty add-in.",False
1192,sso token expired immediately after login,Access_Login,sso_login_error,"Clear browser cookies/cache for the identity provider domain, confirm system clock is correct, and retry. If persistent, check IdP status page for outages.",False
1193,outlook not syncing new emails,Account_Access_Data,email_not_syncing,"Check mailbox size against quota, repair the Outlook profile/OST file, and verify Exchange server connectivity status.",False
1194,connected to office wifi but no internet access,Network,wifi_no_internet,"Forget and rejoin the WiFi network, renew DHCP lease (ipconfig /release && /renew), and confirm the access point is on the latest firmware.",False
1195,monitor resolution keeps resetting,Hardware,monitor_no_display,"Reseat the display cable, verify dock firmware is current, and force-detect displays via display settings; swap cable/port to isolate faulty hardware.",False
1196,"black screen on startup, no bios logo",Hardware,laptop_wont_boot,"Confirm power adapter and battery health, attempt a hard reset (hold power 15s), and if no POST, escalate for hardware diagnostic/replacement.",False
1197,lost files after a sync error,Account_Access_Data,data_recovery_request,"Check the recycle bin/OneDrive version history first; if unavailable, submit a backup restore request with file path and approximate deletion date.",False
1198,single sign on redirect loop when logging into portal,Access_Login,sso_login_error,"Clear browser cookies/cache for the identity provider domain, confirm system clock is correct, and retry. If persistent, check IdP status page for outages.",False
1199,cannot install latest security patch,Software,update_failure,"Run the Windows Update troubleshooter, clear the SoftwareDistribution cache, and retry; for persistent 0x8007xxxx errors, run DISM /RestoreHealth.",False
1200,VPN keeps disconnecting every few minutes,Network,vpn_connection_failure,"Restart the VPN client, confirm correct server region, and re-authenticate via SSO. If error 809 persists, check that UDP port 500/4500 is not blocked by local firewall.",False
1201,printer not responding from my compter,Hardware,printer_not_working,"Clear the print queue and restart the print spooler service, reinstall printer driver if offline persists, check toner/ink levels for blank output.",True
1202,update failed with error 0x80070002,Software,update_failure,"Run the Windows Update troubleshooter, clear the SoftwareDistribution cache, and retry; for persistent 0x8007xxxx errors, run DISM /RestoreHealth.",False
1203,internet dropping every 10 mins on wireless,Network,wifi_no_internet,"Forget and rejoin the WiFi network, renew DHCP lease (ipconfig /release && /renew), and confirm the access point is on the latest firmware.",False
1204,compter stuck on boot loop restarting itself,Hardware,laptop_wont_boot,"Confirm power adapter and battery health, attempt a hard reset (hold power 15s), and if no POST, escalate for hardware diagnostic/replacement.",True
1205,pressed power button nothing happens asap plz help ticket urgent,Hardware,laptop_wont_boot,"Confirm power adapter and battery health, attempt a hard reset (hold power 15s), and if no POST, escalate for hardware diagnostic/replacement.",True
1206,single sign on redirect loop when logging into portal,Access_Login,sso_login_error,"Clear browser cookies/cache for the identity provider domain, confirm system clock is correct, and retry. If persistent, check IdP status page for outages.",True
1207,permission denied when opening team folder,Account_Access_Data,shared_drive_access,"Verify correct security group membership in AD/IAM, request manager approval if not yet a member, and add user to the relevant access group.",False
1208,"authenticator app out of sync, codes rejected",Access_Login,mfa_issues,"Re-sync the authenticator app time, or issue a temporary bypass code after identity verification. For lost devices, de-register old device and enroll a new one via the security portal.",False
1209,need access added to project shared drive,Account_Access_Data,shared_drive_access,"Verify correct security group membership in AD/IAM, request manager approval if not yet a member, and add user to the relevant access group.",False
1210,need password reset for email account,Access_Login,password_reset,"Verify identity via registered MFA device, then trigger self-service password reset portal. If account is locked, unlock via IAM console after identity verification.",False
1211,internert is extremely slow today,Network,slow_network_speed,"Run a speed test from a wired connection to isolate WiFi vs WAN issues, check for bandwidth-heavy background syncs, and escalate to network team if WAN saturation confirmed.",True
1212,sso token expired immediately after login,Access_Login,sso_login_error,"Clear browser cookies/cache for the identity provider domain, confirm system clock is correct, and retry. If persistent, check IdP status page for outages.",False
1213,internet dropping every 10 mins on wireless,Network,wifi_no_internet,"Forget and rejoin the WiFi network, renew DHCP lease (ipconfig /release && /renew), and confirm the access point is on the latest firmware.",False
1214,accidentally deleted an important file need it back,Account_Access_Data,data_recovery_request,"Check the recycle bin/OneDrive version history first; if unavailable, submit a backup restore request with file path and approximate deletion date.",False
1215,single sign on redirect loop when logging into portal,Access_Login,sso_login_error,"Clear browser cookies/cache for the identity provider domain, confirm system clock is correct, and retry. If persistent, check IdP status page for outages.",False
1216,mailbox stuck reconnecting to server,Account_Access_Data,email_not_syncing,"Check mailbox size against quota, repair the Outlook profile/OST file, and verify Exchange server connectivity status.",False
1217,unable to establish vpn tunnel from home network,Network,vpn_connection_failure,"Restart the VPN client, confirm correct server region, and re-authenticate via SSO. If error 809 persists, check that UDP port 500/4500 is not blocked by local firewall.",False
1218,windows update stuck at 45 percent for hours,Software,update_failure,"Run the Windows Update troubleshooter, clear the SoftwareDistribution cache, and retry; for persistent 0x8007xxxx errors, run DISM /RestoreHealth.",False
1219,outlook keeps crashing on startup,Software,app_crash,"Clear the application cache/profile, repair the Office installation, and check Event Viewer for the specific exception to identify a faulty add-in.",False
1220,account locked after too many login attempts,Access_Login,password_reset,"Verify identity via registered MFA device, then trigger self-service password reset portal. If account is locked, unlock via IAM console after identity verification.",True
1221,mailbox stuck reconnecting to server,Account_Access_Data,email_not_syncing,"Check mailbox size against quota, repair the Outlook profile/OST file, and verify Exchange server connectivity status.",False
1222,outlook keeps crashing on startup,Software,app_crash,"Clear the application cache/profile, repair the Office installation, and check Event Viewer for the specific exception to identify a faulty add-in.",False
1223,need to restore a folder from last week,Account_Access_Data,data_recovery_request,"Check the recycle bin/OneDrive version history first; if unavailable, submit a backup restore request with file path and approximate deletion date.",False
1224,lost my phone and cant complete two factor authentication,Access_Login,mfa_issues,"Re-sync the authenticator app time, or issue a temporary bypass code after identity verification. For lost devices, de-register old device and enroll a new one via the security portal.",False
1225,need access to install adobe photoshop,Software,software_install_request,"Submit software request through the self-service catalog for auto-approved titles; for licensed software, route to procurement for license allocation before install.",False
1226,screen flickering constantly on external display,Hardware,monitor_no_display,"Reseat the display cable, verify dock firmware is current, and force-detect displays via display settings; swap cable/port to isolate faulty hardware.",False
1227,sso token expired immediately after,Access_Login,sso_login_error,"Clear browser cookies/cache for the identity provider domain, confirm system clock is correct, and retry. If persistent, check IdP status page for outages.",True
1228,single sign on redirect loop when logging into portal,Access_Login,sso_login_error,"Clear browser cookies/cache for the identity provider domain, confirm system clock is correct, and retry. If persistent, check IdP status page for outages.",False
1229,lost files after a sync error,Account_Access_Data,data_recovery_request,"Check the recycle bin/OneDrive version history first; if unavailable, submit a backup restore request with file path and approximate deletion date.",False
1230,need a license for project management tool,Software,software_install_request,"Submit software request through the self-service catalog for auto-approved titles; for licensed software, route to procurement for license allocation before install.",False
1231,laptop wont get an ip address on the corporate wifi,Network,wifi_no_internet,"Forget and rejoin the WiFi network, renew DHCP lease (ipconfig /release && /renew), and confirm the access point is on the latest firmware.",False
1232,need to restore a folder from last week,Account_Access_Data,data_recovery_request,"Check the recycle bin/OneDrive version history first; if unavailable, submit a backup restore request with file path and approximate deletion date.",True
1233,"Wifi shows connected with no internet, exclamation mark on icon",Network,wifi_no_internet,"Forget and rejoin the WiFi network, renew DHCP lease (ipconfig /release && /renew), and confirm the access point is on the latest firmware.",False
1234,accidentally deleted an important file need it back,Account_Access_Data,data_recovery_request,"Check the recycle bin/OneDrive version history first; if unavailable, submit a backup restore request with file path and approximate deletion date.",False
1235,"black screen on startup, no bios logo asap plz help ticket urgent",Hardware,laptop_wont_boot,"Confirm power adapter and battery health, attempt a hard reset (hold power 15s), and if no POST, escalate for hardware diagnostic/replacement.",True
1236,sso token expired immediately after,Access_Login,sso_login_error,"Clear browser cookies/cache for the identity provider domain, confirm system clock is correct, and retry. If persistent, check IdP status page for outages.",True
1237,need a license for project management tool,Software,software_install_request,"Submit software request through the self-service catalog for auto-approved titles; for licensed software, route to procurement for license allocation before install.",False
1238,printer showing offline even though its on,Hardware,printer_not_working,"Clear the print queue and restart the print spooler service, reinstall printer driver if offline persists, check toner/ink levels for blank output.",False
1239,accidentally deleted an important file need it back,Account_Access_Data,data_recovery_request,"Check the recycle bin/OneDrive version history first; if unavailable, submit a backup restore request with file path and approximate deletion date.",False
1240,forgot my password and cant login,Access_Login,password_reset,"Verify identity via registered MFA device, then trigger self-service password reset portal. If account is locked, unlock via IAM console after identity verification.",False
1241,prints come out blank,Hardware,printer_not_working,"Clear the print queue and restart the print spooler service, reinstall printer driver if offline persists, check toner/ink levels for blank output.",False
1242,cant install software admin rights,Software,software_install_request,"Submit software request through the self-service catalog for auto-approved titles; for licensed software, route to procurement for license allocation before install.",True
1243,sent items not showing up,Account_Access_Data,email_not_syncing,"Check mailbox size against quota, repair the Outlook profile/OST file, and verify Exchange server connectivity status.",True
1244,need passwrod reset for email,Access_Login,password_reset,"Verify identity via registered MFA device, then trigger self-service password reset portal. If account is locked, unlock via IAM console after identity verification.",True
1245,cant access okta dashboard blank page after login,Access_Login,sso_login_error,"Clear browser cookies/cache for the identity provider domain, confirm system clock is correct, and retry. If persistent, check IdP status page for outages.",True
1246,mailbox stuck reconnecting to server,Account_Access_Data,email_not_syncing,"Check mailbox size against quota, repair the Outlook profile/OST file, and verify Exchange server connectivity status.",False
1247,need access to install adobe photoshop,Software,software_install_request,"Submit software request through the self-service catalog for auto-approved titles; for licensed software, route to procurement for license allocation before install.",False
1248,pressed power button nothing happens,Hardware,laptop_wont_boot,"Confirm power adapter and battery health, attempt a hard reset (hold power 15s), and if no POST, escalate for hardware diagnostic/replacement.",False
1249,pressed power button nothing happens,Hardware,laptop_wont_boot,"Confirm power adapter and battery health, attempt a hard reset (hold power 15s), and if no POST, escalate for hardware diagnostic/replacement.",False
1250,mfa push notification never arrives,Access_Login,mfa_issues,"Re-sync the authenticator app time, or issue a temporary bypass code after identity verification. For lost devices, de-register old device and enroll a new one via the security portal.",False
1251,cant install software admin rights required,Software,software_install_request,"Submit software request through the self-service catalog for auto-approved titles; for licensed software, route to procurement for license allocation before install.",True
1252,lost my phone and cant complete two factor authentication,Access_Login,mfa_issues,"Re-sync the authenticator app time, or issue a temporary bypass code after identity verification. For lost devices, de-register old device and enroll a new one via the security portal.",False
1253,forgot my passwrod and cant,Access_Login,password_reset,"Verify identity via registered MFA device, then trigger self-service password reset portal. If account is locked, unlock via IAM console after identity verification.",True
1254,need a license for project management tool,Software,software_install_request,"Submit software request through the self-service catalog for auto-approved titles; for licensed software, route to procurement for license allocation before install.",False
1255,lost files after a sync error,Account_Access_Data,data_recovery_request,"Check the recycle bin/OneDrive version history first; if unavailable, submit a backup restore request with file path and approximate deletion date.",False
1256,pressed power button nothing happens asap plz help ticket urgent,Hardware,laptop_wont_boot,"Confirm power adapter and battery health, attempt a hard reset (hold power 15s), and if no POST, escalate for hardware diagnostic/replacement.",True
1257,need access added to project shared drive,Account_Access_Data,shared_drive_access,"Verify correct security group membership in AD/IAM, request manager approval if not yet a member, and add user to the relevant access group.",False
1258,VPN client says authentication failed but password is correct,Network,vpn_connection_failure,"Restart the VPN client, confirm correct server region, and re-authenticate via SSO. If error 809 persists, check that UDP port 500/4500 is not blocked by local firewall.",False
1259,internet is extremely slow today,Network,slow_network_speed,"Run a speed test from a wired connection to isolate WiFi vs WAN issues, check for bandwidth-heavy background syncs, and escalate to network team if WAN saturation confirmed.",False
1260,mailbox stuck reconnecting to server,Account_Access_Data,email_not_syncing,"Check mailbox size against quota, repair the Outlook profile/OST file, and verify Exchange server connectivity status.",False
1261,"Wifi shows connected with no internet, exclamation mark on icon",Network,wifi_no_internet,"Forget and rejoin the WiFi network, renew DHCP lease (ipconfig /release && /renew), and confirm the access point is on the latest firmware.",False
1262,update failed with error 0x80070002,Software,update_failure,"Run the Windows Update troubleshooter, clear the SoftwareDistribution cache, and retry; for persistent 0x8007xxxx errors, run DISM /RestoreHealth.",False
1263,application freezes and has to be force closed,Software,app_crash,"Clear the application cache/profile, repair the Office installation, and check Event Viewer for the specific exception to identify a faulty add-in.",False
1264,file transfers to shared drive are taking forever,Network,slow_network_speed,"Run a speed test from a wired connection to isolate WiFi vs WAN issues, check for bandwidth-heavy background syncs, and escalate to network team if WAN saturation confirmed.",True
1265,printer showing offline even though its on,Hardware,printer_not_working,"Clear the print queue and restart the print spooler service, reinstall printer driver if offline persists, check toner/ink levels for blank output.",False
1266,external monitor not detected when docked,Hardware,monitor_no_display,"Reseat the display cable, verify dock firmware is current, and force-detect displays via display settings; swap cable/port to isolate faulty hardware.",False
1267,computer stuck on boot loop restarting itself,Hardware,laptop_wont_boot,"Confirm power adapter and battery health, attempt a hard reset (hold power 15s), and if no POST, escalate for hardware diagnostic/replacement.",True
1268,not receiving mfa code on my phone,Access_Login,mfa_issues,"Re-sync the authenticator app time, or issue a temporary bypass code after identity verification. For lost devices, de-register old device and enroll a new one via the security portal.",False
1269,lost my phone and cant complete two factor authentication,Access_Login,mfa_issues,"Re-sync the authenticator app time, or issue a temporary bypass code after identity verification. For lost devices, de-register old device and enroll a new one via the security portal.",False
1270,outlook keeps crashing on startup,Software,app_crash,"Clear the application cache/profile, repair the Office installation, and check Event Viewer for the specific exception to identify a faulty add-in.",False
1271,cannot install latest security patch,Software,update_failure,"Run the Windows Update troubleshooter, clear the SoftwareDistribution cache, and retry; for persistent 0x8007xxxx errors, run DISM /RestoreHealth.",False
1272,cant see the shared drive that my team uses,Account_Access_Data,shared_drive_access,"Verify correct security group membership in AD/IAM, request manager approval if not yet a member, and add user to the relevant access group.",False
1273,laptop wont get an ip address on asap plz help ticket urgent,Network,wifi_no_internet,"Forget and rejoin the WiFi network, renew DHCP lease (ipconfig /release && /renew), and confirm the access point is on the latest firmware.",True
1274,connected to office wifi but no internet access,Network,wifi_no_internet,"Forget and rejoin the WiFi network, renew DHCP lease (ipconfig /release && /renew), and confirm the access point is on the latest firmware.",False
1275,accidentally deleted an important file need it back,Account_Access_Data,data_recovery_request,"Check the recycle bin/OneDrive version history first; if unavailable, submit a backup restore request with file path and approximate deletion date.",False
1276,cant see teh shared drive that my team uses,Account_Access_Data,shared_drive_access,"Verify correct security group membership in AD/IAM, request manager approval if not yet a member, and add user to the relevant access group.",True
1277,laptop wont get an ip address on the corporate wifi,Network,wifi_no_internet,"Forget and rejoin the WiFi network, renew DHCP lease (ipconfig /release && /renew), and confirm the access point is on the latest firmware.",False
1278,lost my phone and cant complete two factor authentication,Access_Login,mfa_issues,"Re-sync the authenticator app time, or issue a temporary bypass code after identity verification. For lost devices, de-register old device and enroll a new one via the security portal.",False
1279,excel closes unexpectedly when opening large files,Software,app_crash,"Clear the application cache/profile, repair the Office installation, and check Event Viewer for the specific exception to identify a faulty add-in.",False
1280,application freezes and has to be force closed,Software,app_crash,"Clear the application cache/profile, repair the Office installation, and check Event Viewer for the specific exception to identify a faulty add-in.",False
1281,mailbox stuck reconnecting to server,Account_Access_Data,email_not_syncing,"Check mailbox size against quota, repair the Outlook profile/OST file, and verify Exchange server connectivity status.",False
1282,software update keeps failing and rolling back,Software,update_failure,"Run the Windows Update troubleshooter, clear the SoftwareDistribution cache, and retry; for persistent 0x8007xxxx errors, run DISM /RestoreHealth.",False
1283,sso says invalid session please try again,Access_Login,sso_login_error,"Clear browser cookies/cache for the identity provider domain, confirm system clock is correct, and retry. If persistent, check IdP status page for outages.",False
1284,video calls keep freezing due to slow connection,Network,slow_network_speed,"Run a speed test from a wired connection to isolate WiFi vs WAN issues, check for bandwidth-heavy background syncs, and escalate to network team if WAN saturation confirmed.",False
1285,dont have access to teh finance shared drive,Account_Access_Data,shared_drive_access,"Verify correct security group membership in AD/IAM, request manager approval if not yet a member, and add user to the relevant access group.",True
1286,lost my phone and cant complete two factor authentication,Access_Login,mfa_issues,"Re-sync the authenticator app time, or issue a temporary bypass code after identity verification. For lost devices, de-register old device and enroll a new one via the security portal.",False
1287,software crashes with an unhandled exception error,Software,app_crash,"Clear the application cache/profile, repair the Office installation, and check Event Viewer for the specific exception to identify a faulty add-in.",False
1288,not receiving mfa code on my phone,Access_Login,mfa_issues,"Re-sync the authenticator app time, or issue a temporary bypass code after identity verification. For lost devices, de-register old device and enroll a new one via the security portal.",False
1289,connected to office wifi but no internet access,Network,wifi_no_internet,"Forget and rejoin the WiFi network, renew DHCP lease (ipconfig /release && /renew), and confirm the access point is on the latest firmware.",False
1290,black screen on startup no bios logo,Hardware,laptop_wont_boot,"Confirm power adapter and battery health, attempt a hard reset (hold power 15s), and if no POST, escalate for hardware diagnostic/replacement.",True
1291,need access to install adobe photoshop,Software,software_install_request,"Submit software request through the self-service catalog for auto-approved titles; for licensed software, route to procurement for license allocation before install.",False
1292,"Wifi shows connected with no internet, exclamation mark on icon",Network,wifi_no_internet,"Forget and rejoin the WiFi network, renew DHCP lease (ipconfig /release && /renew), and confirm the access point is on the latest firmware.",False
1293,need backup restore for deleted,Account_Access_Data,data_recovery_request,"Check the recycle bin/OneDrive version history first; if unavailable, submit a backup restore request with file path and approximate deletion date.",True
1294,outlook not syncing new emails,Account_Access_Data,email_not_syncing,"Check mailbox size against quota, repair the Outlook profile/OST file, and verify Exchange server connectivity status.",True
1295,sso says invalid session pls,Access_Login,sso_login_error,"Clear browser cookies/cache for the identity provider domain, confirm system clock is correct, and retry. If persistent, check IdP status page for outages.",True
1296,outlook not syncing new emails,Account_Access_Data,email_not_syncing,"Check mailbox size against quota, repair the Outlook profile/OST file, and verify Exchange server connectivity status.",False
1297,accidentally deleted an important file need it back,Account_Access_Data,data_recovery_request,"Check the recycle bin/OneDrive version history first; if unavailable, submit a backup restore request with file path and approximate deletion date.",False
1298,software crashes with an unhandled exception error,Software,app_crash,"Clear the application cache/profile, repair the Office installation, and check Event Viewer for the specific exception to identify a faulty add-in.",False
1299,external monitor not detected when docked,Hardware,monitor_no_display,"Reseat the display cable, verify dock firmware is current, and force-detect displays via display settings; swap cable/port to isolate faulty hardware.",False
1300,"Wifi shows connected with no internet, exclamation mark on icon",Network,wifi_no_internet,"Forget and rejoin the WiFi network, renew DHCP lease (ipconfig /release && /renew), and confirm the access point is on the latest firmware.",False
1301,network speed test shows less than 1mbps,Network,slow_network_speed,"Run a speed test from a wired connection to isolate WiFi vs WAN issues, check for bandwidth-heavy background syncs, and escalate to network team if WAN saturation confirmed.",True
1302,software update keeps failing and rolling back,Software,update_failure,"Run the Windows Update troubleshooter, clear the SoftwareDistribution cache, and retry; for persistent 0x8007xxxx errors, run DISM /RestoreHealth.",False
1303,"locked out of my workstation, wrong passwrod too many times",Access_Login,password_reset,"Verify identity via registered MFA device, then trigger self-service password reset portal. If account is locked, unlock via IAM console after identity verification.",True
1304,software update keeps failing adn rolling back,Software,update_failure,"Run the Windows Update troubleshooter, clear the SoftwareDistribution cache, and retry; for persistent 0x8007xxxx errors, run DISM /RestoreHealth.",True
1305,internet dropping every 10 mins on wireless,Network,wifi_no_internet,"Forget and rejoin the WiFi network, renew DHCP lease (ipconfig /release && /renew), and confirm the access point is on the latest firmware.",False
1306,"cant install software, admin rights required",Software,software_install_request,"Submit software request through the self-service catalog for auto-approved titles; for licensed software, route to procurement for license allocation before install.",False
1307,software update keeps failing and rolling back,Software,update_failure,"Run the Windows Update troubleshooter, clear the SoftwareDistribution cache, and retry; for persistent 0x8007xxxx errors, run DISM /RestoreHealth.",False
1308,outlook not syncing new emails,Account_Access_Data,email_not_syncing,"Check mailbox size against quota, repair the Outlook profile/OST file, and verify Exchange server connectivity status.",False
1309,"Wifi shows connected with no internet, exclamation mark on icon",Network,wifi_no_internet,"Forget and rejoin the WiFi network, renew DHCP lease (ipconfig /release && /renew), and confirm the access point is on the latest firmware.",False
1310,laptop wont turn on at all,Hardware,laptop_wont_boot,"Confirm power adapter and battery health, attempt a hard reset (hold power 15s), and if no POST, escalate for hardware diagnostic/replacement.",False
1311,prints come out blank,Hardware,printer_not_working,"Clear the print queue and restart the print spooler service, reinstall printer driver if offline persists, check toner/ink levels for blank output.",False
1312,software crashes with an unhandled exception error,Software,app_crash,"Clear the application cache/profile, repair the Office installation, and check Event Viewer for the specific exception to identify a faulty add-in.",False
1313,network speed test shows less than 1mbps,Network,slow_network_speed,"Run a speed test from a wired connection to isolate WiFi vs WAN issues, check for bandwidth-heavy background syncs, and escalate to network team if WAN saturation confirmed.",False
1314,need access to install adobe photoshop,Software,software_install_request,"Submit software request through the self-service catalog for auto-approved titles; for licensed software, route to procurement for license allocation before install.",True
1315,sso token expired immediately after login,Access_Login,sso_login_error,"Clear browser cookies/cache for the identity provider domain, confirm system clock is correct, and retry. If persistent, check IdP status page for outages.",True
1316,permission denied when opening team folder,Account_Access_Data,shared_drive_access,"Verify correct security group membership in AD/IAM, request manager approval if not yet a member, and add user to the relevant access group.",False
1317,prints come out blank,Hardware,printer_not_working,"Clear the print queue and restart the print spooler service, reinstall printer driver if offline persists, check toner/ink levels for blank output.",False
1318,need access added to project shared drive,Account_Access_Data,shared_drive_access,"Verify correct security group membership in AD/IAM, request manager approval if not yet a member, and add user to the relevant access group.",False
1319,laptop wont turn on at all asap plz help ticket urgent,Hardware,laptop_wont_boot,"Confirm power adapter and battery health, attempt a hard reset (hold power 15s), and if no POST, escalate for hardware diagnostic/replacement.",True
1320,monitor resolution keeps resetting asap plz help ticket urgent,Hardware,monitor_no_display,"Reseat the display cable, verify dock firmware is current, and force-detect displays via display settings; swap cable/port to isolate faulty hardware.",True
1321,"Wifi shows connected with no internet, exclamation mark on icon",Network,wifi_no_internet,"Forget and rejoin the WiFi network, renew DHCP lease (ipconfig /release && /renew), and confirm the access point is on the latest firmware.",False
1322,application freezes and has to be force closed,Software,app_crash,"Clear the application cache/profile, repair the Office installation, and check Event Viewer for the specific exception to identify a faulty add-in.",False
1323,network speed test shows less than 1mbps,Network,slow_network_speed,"Run a speed test from a wired connection to isolate WiFi vs WAN issues, check for bandwidth-heavy background syncs, and escalate to network team if WAN saturation confirmed.",False
1324,sso says invalid session please try again,Access_Login,sso_login_error,"Clear browser cookies/cache for the identity provider domain, confirm system clock is correct, and retry. If persistent, check IdP status page for outages.",False
1325,dont have access to the finance shared drive,Account_Access_Data,shared_drive_access,"Verify correct security group membership in AD/IAM, request manager approval if not yet a member, and add user to the relevant access group.",False
1326,"locked out of my workstation, wrong password too many times",Access_Login,password_reset,"Verify identity via registered MFA device, then trigger self-service password reset portal. If account is locked, unlock via IAM console after identity verification.",True
1327,VPN client says authentication failed but password is correct,Network,vpn_connection_failure,"Restart the VPN client, confirm correct server region, and re-authenticate via SSO. If error 809 persists, check that UDP port 500/4500 is not blocked by local firewall.",False
1328,software update keeps failing and rolling back,Software,update_failure,"Run the Windows Update troubleshooter, clear the SoftwareDistribution cache, and retry; for persistent 0x8007xxxx errors, run DISM /RestoreHealth.",False
1329,permission denied when opening team folder,Account_Access_Data,shared_drive_access,"Verify correct security group membership in AD/IAM, request manager approval if not yet a member, and add user to the relevant access group.",False
1330,internet dropping every 10 mins on wireless,Network,wifi_no_internet,"Forget and rejoin the WiFi network, renew DHCP lease (ipconfig /release && /renew), and confirm the access point is on the latest firmware.",False
1331,"black screen on startup, no bios logo",Hardware,laptop_wont_boot,"Confirm power adapter and battery health, attempt a hard reset (hold power 15s), and if no POST, escalate for hardware diagnostic/replacement.",False
1332,not receiving mfa code on my phone,Access_Login,mfa_issues,"Re-sync the authenticator app time, or issue a temporary bypass code after identity verification. For lost devices, de-register old device and enroll a new one via the security portal.",False
1333,need acess added to project shared drive,Account_Access_Data,shared_drive_access,"Verify correct security group membership in AD/IAM, request manager approval if not yet a member, and add user to the relevant access group.",True
1334,"Wifi shows connected with no internet, exclamation mark on icon",Network,wifi_no_internet,"Forget and rejoin the WiFi network, renew DHCP lease (ipconfig /release && /renew), and confirm the access point is on the latest firmware.",False
1335,emails delayed by several hours,Account_Access_Data,email_not_syncing,"Check mailbox size against quota, repair the Outlook profile/OST file, and verify Exchange server connectivity status.",False
1336,accidentally deleted an important file need it back,Account_Access_Data,data_recovery_request,"Check the recycle bin/OneDrive version history first; if unavailable, submit a backup restore request with file path and approximate deletion date.",False
1337,sso says invalid session please try again asap plz help ticket urgent,Access_Login,sso_login_error,"Clear browser cookies/cache for the identity provider domain, confirm system clock is correct, and retry. If persistent, check IdP status page for outages.",True
1338,VPN keeps disconnecting every few minutes,Network,vpn_connection_failure,"Restart the VPN client, confirm correct server region, and re-authenticate via SSO. If error 809 persists, check that UDP port 500/4500 is not blocked by local firewall.",False
1339,emails delayed by several hours,Account_Access_Data,email_not_syncing,"Check mailbox size against quota, repair the Outlook profile/OST file, and verify Exchange server connectivity status.",False
1340,windows update stuck at 45 percent for hours,Software,update_failure,"Run the Windows Update troubleshooter, clear the SoftwareDistribution cache, and retry; for persistent 0x8007xxxx errors, run DISM /RestoreHealth.",False
1341,sent items not showing up in outlook,Account_Access_Data,email_not_syncing,"Check mailbox size against quota, repair the Outlook profile/OST file, and verify Exchange server connectivity status.",False
1342,need a license for project management tool,Software,software_install_request,"Submit software request through the self-service catalog for auto-approved titles; for licensed software, route to procurement for license allocation before install.",True
1343,need access added to project shared drive,Account_Access_Data,shared_drive_access,"Verify correct security group membership in AD/IAM, request manager approval if not yet a member, and add user to the relevant access group.",False
1344,screen flickering constantly on external display,Hardware,monitor_no_display,"Reseat the display cable, verify dock firmware is current, and force-detect displays via display settings; swap cable/port to isolate faulty hardware.",False
1345,not receiving mfa code on my phone,Access_Login,mfa_issues,"Re-sync the authenticator app time, or issue a temporary bypass code after identity verification. For lost devices, de-register old device and enroll a new one via the security portal.",False
1346,application freezes and has to be force closed,Software,app_crash,"Clear the application cache/profile, repair the Office installation, and check Event Viewer for the specific exception to identify a faulty add-in.",False
1347,forgot my passwrod and cant,Access_Login,password_reset,"Verify identity via registered MFA device, then trigger self-service password reset portal. If account is locked, unlock via IAM console after identity verification.",True
1348,lost files after a sync error,Account_Access_Data,data_recovery_request,"Check the recycle bin/OneDrive version history first; if unavailable, submit a backup restore request with file path and approximate deletion date.",True
1349,outlook keeps crashing on startup,Software,app_crash,"Clear the application cache/profile, repair the Office installation, and check Event Viewer for the specific exception to identify a faulty add-in.",False
1350,emails delayed by several hours,Account_Access_Data,email_not_syncing,"Check mailbox size against quota, repair the Outlook profile/OST file, and verify Exchange server connectivity status.",True
1351,need access to install adobe photoshop,Software,software_install_request,"Submit software request through the self-service catalog for auto-approved titles; for licensed software, route to procurement for license allocation before install.",False
1352,application freezes and has to be force closed,Software,app_crash,"Clear the application cache/profile, repair the Office installation, and check Event Viewer for the specific exception to identify a faulty add-in.",False
1353,need access to install adobe photoshop,Software,software_install_request,"Submit software request through the self-service catalog for auto-approved titles; for licensed software, route to procurement for license allocation before install.",False
1354,need to restore a folder from last week,Account_Access_Data,data_recovery_request,"Check the recycle bin/OneDrive version history first; if unavailable, submit a backup restore request with file path and approximate deletion date.",False
1355,pressed power button nothing happens,Hardware,laptop_wont_boot,"Confirm power adapter and battery health, attempt a hard reset (hold power 15s), and if no POST, escalate for hardware diagnostic/replacement.",False
1356,outlook not syncing new emails,Account_Access_Data,email_not_syncing,"Check mailbox size against quota, repair the Outlook profile/OST file, and verify Exchange server connectivity status.",True
1357,"black screen on startup, no bios logo",Hardware,laptop_wont_boot,"Confirm power adapter and battery health, attempt a hard reset (hold power 15s), and if no POST, escalate for hardware diagnostic/replacement.",False
1358,windows update stuck at 45 percent for hours,Software,update_failure,"Run the Windows Update troubleshooter, clear the SoftwareDistribution cache, and retry; for persistent 0x8007xxxx errors, run DISM /RestoreHealth.",True
1359,need to restore a folder from last week,Account_Access_Data,data_recovery_request,"Check the recycle bin/OneDrive version history first; if unavailable, submit a backup restore request with file path and approximate deletion date.",False
1360,emails delayed by several hours,Account_Access_Data,email_not_syncing,"Check mailbox size against quota, repair the Outlook profile/OST file, and verify Exchange server connectivity status.",False
1361,lost files after a sync error,Account_Access_Data,data_recovery_request,"Check the recycle bin/OneDrive version history first; if unavailable, submit a backup restore request with file path and approximate deletion date.",False
1362,need backup restore for deleted documents,Account_Access_Data,data_recovery_request,"Check the recycle bin/OneDrive version history first; if unavailable, submit a backup restore request with file path and approximate deletion date.",False
1363,printer not responding from my computer,Hardware,printer_not_working,"Clear the print queue and restart the print spooler service, reinstall printer driver if offline persists, check toner/ink levels for blank output.",False
1364,laptop wont get an ip address on the corporate wifi,Network,wifi_no_internet,"Forget and rejoin the WiFi network, renew DHCP lease (ipconfig /release && /renew), and confirm the access point is on the latest firmware.",False
1365,video calls keep freezing due asap plz help ticket urgent,Network,slow_network_speed,"Run a speed test from a wired connection to isolate WiFi vs WAN issues, check for bandwidth-heavy background syncs, and escalate to network team if WAN saturation confirmed.",True
1366,software crashes with an unhandled exception error asap plz help ticket urgent,Software,app_crash,"Clear the application cache/profile, repair the Office installation, and check Event Viewer for the specific exception to identify a faulty add-in.",True
1367,laptop wont get an ip address on the corporate wifi,Network,wifi_no_internet,"Forget and rejoin the WiFi network, renew DHCP lease (ipconfig /release && /renew), and confirm the access point is on the latest firmware.",False
1368,update failed with error 0x80070002,Software,update_failure,"Run the Windows Update troubleshooter, clear the SoftwareDistribution cache, and retry; for persistent 0x8007xxxx errors, run DISM /RestoreHealth.",False
1369,outlook not syncing new emails,Account_Access_Data,email_not_syncing,"Check mailbox size against quota, repair the Outlook profile/OST file, and verify Exchange server connectivity status.",False
1370,need access added to project shared drive,Account_Access_Data,shared_drive_access,"Verify correct security group membership in AD/IAM, request manager approval if not yet a member, and add user to the relevant access group.",False
1371,software update keeps failing and rolling back,Software,update_failure,"Run the Windows Update troubleshooter, clear the SoftwareDistribution cache, and retry; for persistent 0x8007xxxx errors, run DISM /RestoreHealth.",False
1372,lost my phone and cant complete two factor authentication,Access_Login,mfa_issues,"Re-sync the authenticator app time, or issue a temporary bypass code after identity verification. For lost devices, de-register old device and enroll a new one via the security portal.",False
1373,monitor resolution keps resetting,Hardware,monitor_no_display,"Reseat the display cable, verify dock firmware is current, and force-detect displays via display settings; swap cable/port to isolate faulty hardware.",True
1374,second monitor shows no signal,Hardware,monitor_no_display,"Reseat the display cable, verify dock firmware is current, and force-detect displays via display settings; swap cable/port to isolate faulty hardware.",False
1375,need a license for project management tool,Software,software_install_request,"Submit software request through the self-service catalog for auto-approved titles; for licensed software, route to procurement for license allocation before install.",False
1376,printer not responding from my computer,Hardware,printer_not_working,"Clear the print queue and restart the print spooler service, reinstall printer driver if offline persists, check toner/ink levels for blank output.",False
1377,mailbox stuck reconnecting to server,Account_Access_Data,email_not_syncing,"Check mailbox size against quota, repair the Outlook profile/OST file, and verify Exchange server connectivity status.",False
1378,not receiving mfa code on my phone,Access_Login,mfa_issues,"Re-sync the authenticator app time, or issue a temporary bypass code after identity verification. For lost devices, de-register old device and enroll a new one via the security portal.",True
1379,excel closes unexpectedly when opening large files,Software,app_crash,"Clear the application cache/profile, repair the Office installation, and check Event Viewer for the specific exception to identify a faulty add-in.",False
1380,screen flickering constantly on external,Hardware,monitor_no_display,"Reseat the display cable, verify dock firmware is current, and force-detect displays via display settings; swap cable/port to isolate faulty hardware.",True
1381,permission denied when opening team,Account_Access_Data,shared_drive_access,"Verify correct security group membership in AD/IAM, request manager approval if not yet a member, and add user to the relevant access group.",True
1382,file transfers to shared drive are taking forever,Network,slow_network_speed,"Run a speed test from a wired connection to isolate WiFi vs WAN issues, check for bandwidth-heavy background syncs, and escalate to network team if WAN saturation confirmed.",False
1383,requesting installation of visual studio code,Software,software_install_request,"Submit software request through the self-service catalog for auto-approved titles; for licensed software, route to procurement for license allocation before install.",False
1384,printer showing offline even though its on,Hardware,printer_not_working,"Clear the print queue and restart the print spooler service, reinstall printer driver if offline persists, check toner/ink levels for blank output.",False
1385,file transfers to shared drive are taking forever,Network,slow_network_speed,"Run a speed test from a wired connection to isolate WiFi vs WAN issues, check for bandwidth-heavy background syncs, and escalate to network team if WAN saturation confirmed.",False
1386,unable to establish vpn tunnel from home network,Network,vpn_connection_failure,"Restart the VPN client, confirm correct server region, and re-authenticate via SSO. If error 809 persists, check that UDP port 500/4500 is not blocked by local firewall.",False
1387,"locked out of my workstation, wrong password too many times",Access_Login,password_reset,"Verify identity via registered MFA device, then trigger self-service password reset portal. If account is locked, unlock via IAM console after identity verification.",False
1388,"cant access okta dashboard, blank page after login",Access_Login,sso_login_error,"Clear browser cookies/cache for the identity provider domain, confirm system clock is correct, and retry. If persistent, check IdP status page for outages.",False
1389,connected to office wifi but no internet access,Network,wifi_no_internet,"Forget and rejoin the WiFi network, renew DHCP lease (ipconfig /release && /renew), and confirm the access point is on the latest firmware.",False
1390,prints come out blank,Hardware,printer_not_working,"Clear the print queue and restart the print spooler service, reinstall printer driver if offline persists, check toner/ink levels for blank output.",False
1391,need backup restore for deleted documents,Account_Access_Data,data_recovery_request,"Check the recycle bin/OneDrive version history first; if unavailable, submit a backup restore request with file path and approximate deletion date.",False
1392,sso token expired immediately after login,Access_Login,sso_login_error,"Clear browser cookies/cache for the identity provider domain, confirm system clock is correct, and retry. If persistent, check IdP status page for outages.",True
1393,need password reset for email account,Access_Login,password_reset,"Verify identity via registered MFA device, then trigger self-service password reset portal. If account is locked, unlock via IAM console after identity verification.",False
1394,need to restore a folder from last week,Account_Access_Data,data_recovery_request,"Check the recycle bin/OneDrive version history first; if unavailable, submit a backup restore request with file path and approximate deletion date.",True
1395,connected to office wifi but,Network,wifi_no_internet,"Forget and rejoin the WiFi network, renew DHCP lease (ipconfig /release && /renew), and confirm the access point is on the latest firmware.",True
1396,prnter not responding from my,Hardware,printer_not_working,"Clear the print queue and restart the print spooler service, reinstall printer driver if offline persists, check toner/ink levels for blank output.",True
1397,external monitor not detected when docked,Hardware,monitor_no_display,"Reseat the display cable, verify dock firmware is current, and force-detect displays via display settings; swap cable/port to isolate faulty hardware.",False
1398,print job stuck in queue forever,Hardware,printer_not_working,"Clear the print queue and restart the print spooler service, reinstall printer driver if offline persists, check toner/ink levels for blank output.",True
1399,software update keeps failing and rolling back,Software,update_failure,"Run the Windows Update troubleshooter, clear the SoftwareDistribution cache, and retry; for persistent 0x8007xxxx errors, run DISM /RestoreHealth.",False
1400,forgot my password and cant login,Access_Login,password_reset,"Verify identity via registered MFA device, then trigger self-service password reset portal. If account is locked, unlock via IAM console after identity verification.",False
1401,lost files after a sync error,Account_Access_Data,data_recovery_request,"Check the recycle bin/OneDrive version history first; if unavailable, submit a backup restore request with file path and approximate deletion date.",True
1402,need to restore a folder from last week,Account_Access_Data,data_recovery_request,"Check the recycle bin/OneDrive version history first; if unavailable, submit a backup restore request with file path and approximate deletion date.",True
1403,software crashes with an unhandled exception error,Software,app_crash,"Clear the application cache/profile, repair the Office installation, and check Event Viewer for the specific exception to identify a faulty add-in.",False
1404,software crashes with an unhandled exception error,Software,app_crash,"Clear the application cache/profile, repair the Office installation, and check Event Viewer for the specific exception to identify a faulty add-in.",False
1405,video calls keep freezing due to slow connection,Network,slow_network_speed,"Run a speed test from a wired connection to isolate WiFi vs WAN issues, check for bandwidth-heavy background syncs, and escalate to network team if WAN saturation confirmed.",False
1406,external monitor not detected when docked,Hardware,monitor_no_display,"Reseat the display cable, verify dock firmware is current, and force-detect displays via display settings; swap cable/port to isolate faulty hardware.",False
1407,file transfers to shared drive are taking forever,Network,slow_network_speed,"Run a speed test from a wired connection to isolate WiFi vs WAN issues, check for bandwidth-heavy background syncs, and escalate to network team if WAN saturation confirmed.",False
1408,laptop wont get an ip address on the corporate wifi,Network,wifi_no_internet,"Forget and rejoin the WiFi network, renew DHCP lease (ipconfig /release && /renew), and confirm the access point is on the latest firmware.",False
1409,dont have access to the finance shared drive,Account_Access_Data,shared_drive_access,"Verify correct security group membership in AD/IAM, request manager approval if not yet a member, and add user to the relevant access group.",False
1410,application freezes and has to be force closed,Software,app_crash,"Clear the application cache/profile, repair the Office installation, and check Event Viewer for the specific exception to identify a faulty add-in.",False
1411,sso token expired immediately after login,Access_Login,sso_login_error,"Clear browser cookies/cache for the identity provider domain, confirm system clock is correct, and retry. If persistent, check IdP status page for outages.",False
1412,need a license for project management tool,Software,software_install_request,"Submit software request through the self-service catalog for auto-approved titles; for licensed software, route to procurement for license allocation before install.",False
1413,need access added to project shared drive,Account_Access_Data,shared_drive_access,"Verify correct security group membership in AD/IAM, request manager approval if not yet a member, and add user to the relevant access group.",True
1414,internet dropping every 10 mins on wireless,Network,wifi_no_internet,"Forget and rejoin the WiFi network, renew DHCP lease (ipconfig /release && /renew), and confirm the access point is on the latest firmware.",False
1415,mailbox stuck reconnecting to server,Account_Access_Data,email_not_syncing,"Check mailbox size against quota, repair the Outlook profile/OST file, and verify Exchange server connectivity status.",False
1416,lost my phone adn cant complete,Access_Login,mfa_issues,"Re-sync the authenticator app time, or issue a temporary bypass code after identity verification. For lost devices, de-register old device and enroll a new one via the security portal.",True
1417,permission denied when opening team folder,Account_Access_Data,shared_drive_access,"Verify correct security group membership in AD/IAM, request manager approval if not yet a member, and add user to the relevant access group.",True
1418,VPN keeps disconnecting every few minutes,Network,vpn_connection_failure,"Restart the VPN client, confirm correct server region, and re-authenticate via SSO. If error 809 persists, check that UDP port 500/4500 is not blocked by local firewall.",False
1419,sso says invalid session please try again,Access_Login,sso_login_error,"Clear browser cookies/cache for the identity provider domain, confirm system clock is correct, and retry. If persistent, check IdP status page for outages.",False
1420,VPN client says authentication failed but password is correct,Network,vpn_connection_failure,"Restart the VPN client, confirm correct server region, and re-authenticate via SSO. If error 809 persists, check that UDP port 500/4500 is not blocked by local firewall.",True
1421,"authenticator app out of sync, codes rejected",Access_Login,mfa_issues,"Re-sync the authenticator app time, or issue a temporary bypass code after identity verification. For lost devices, de-register old device and enroll a new one via the security portal.",False
1422,cant see the shared drive that my team uses,Account_Access_Data,shared_drive_access,"Verify correct security group membership in AD/IAM, request manager approval if not yet a member, and add user to the relevant access group.",False
1423,file transfers to shared drive are taking forever,Network,slow_network_speed,"Run a speed test from a wired connection to isolate WiFi vs WAN issues, check for bandwidth-heavy background syncs, and escalate to network team if WAN saturation confirmed.",False
1424,software update keps failing and rolling back,Software,update_failure,"Run the Windows Update troubleshooter, clear the SoftwareDistribution cache, and retry; for persistent 0x8007xxxx errors, run DISM /RestoreHealth.",True
1425,print job stuck in queue forever,Hardware,printer_not_working,"Clear the print queue and restart the print spooler service, reinstall printer driver if offline persists, check toner/ink levels for blank output.",False
1426,excel closes unexpectedly when opening large files,Software,app_crash,"Clear the application cache/profile, repair the Office installation, and check Event Viewer for the specific exception to identify a faulty add-in.",False
1427,not receiving mfa code on my phone,Access_Login,mfa_issues,"Re-sync the authenticator app time, or issue a temporary bypass code after identity verification. For lost devices, de-register old device and enroll a new one via the security portal.",False
1428,update failed with error 0x80070002,Software,update_failure,"Run the Windows Update troubleshooter, clear the SoftwareDistribution cache, and retry; for persistent 0x8007xxxx errors, run DISM /RestoreHealth.",False
1429,computer stuck on boot loop restarting itself,Hardware,laptop_wont_boot,"Confirm power adapter and battery health, attempt a hard reset (hold power 15s), and if no POST, escalate for hardware diagnostic/replacement.",False
1430,need access to install adobe photoshop,Software,software_install_request,"Submit software request through the self-service catalog for auto-approved titles; for licensed software, route to procurement for license allocation before install.",False
1431,need password reset for email account,Access_Login,password_reset,"Verify identity via registered MFA device, then trigger self-service password reset portal. If account is locked, unlock via IAM console after identity verification.",False
1432,accidentally deleted an important file need it back,Account_Access_Data,data_recovery_request,"Check the recycle bin/OneDrive version history first; if unavailable, submit a backup restore request with file path and approximate deletion date.",False
1433,sso says invalid session please try again,Access_Login,sso_login_error,"Clear browser cookies/cache for the identity provider domain, confirm system clock is correct, and retry. If persistent, check IdP status page for outages.",False
1434,prnter not responding from my computer,Hardware,printer_not_working,"Clear the print queue and restart the print spooler service, reinstall printer driver if offline persists, check toner/ink levels for blank output.",True
1435,"authenticator app out of sync, codes rejected",Access_Login,mfa_issues,"Re-sync the authenticator app time, or issue a temporary bypass code after identity verification. For lost devices, de-register old device and enroll a new one via the security portal.",False
1436,prints come out blank,Hardware,printer_not_working,"Clear the print queue and restart the print spooler service, reinstall printer driver if offline persists, check toner/ink levels for blank output.",False
1437,printer showing offline even though its on,Hardware,printer_not_working,"Clear the print queue and restart the print spooler service, reinstall printer driver if offline persists, check toner/ink levels for blank output.",False
1438,need access to install adobe photoshop,Software,software_install_request,"Submit software request through the self-service catalog for auto-approved titles; for licensed software, route to procurement for license allocation before install.",False
1439,requesting installation of visual studio code,Software,software_install_request,"Submit software request through the self-service catalog for auto-approved titles; for licensed software, route to procurement for license allocation before install.",False
1440,excel closes unexpectedly when opening large files,Software,app_crash,"Clear the application cache/profile, repair the Office installation, and check Event Viewer for the specific exception to identify a faulty add-in.",False
1441,internert dropping every 10 mins,Network,wifi_no_internet,"Forget and rejoin the WiFi network, renew DHCP lease (ipconfig /release && /renew), and confirm the access point is on the latest firmware.",True
1442,prints come out blank,Hardware,printer_not_working,"Clear the print queue and restart the print spooler service, reinstall printer driver if offline persists, check toner/ink levels for blank output.",False
1443,requesting installation of visual studio code,Software,software_install_request,"Submit software request through the self-service catalog for auto-approved titles; for licensed software, route to procurement for license allocation before install.",False
1444,"black screen on startup, no bios logo",Hardware,laptop_wont_boot,"Confirm power adapter and battery health, attempt a hard reset (hold power 15s), and if no POST, escalate for hardware diagnostic/replacement.",False
1445,outlook keeps crashing on startup,Software,app_crash,"Clear the application cache/profile, repair the Office installation, and check Event Viewer for the specific exception to identify a faulty add-in.",False
1446,internet is extremely slow today,Network,slow_network_speed,"Run a speed test from a wired connection to isolate WiFi vs WAN issues, check for bandwidth-heavy background syncs, and escalate to network team if WAN saturation confirmed.",False
1447,excel closes unexpectedly when opening large files asap plz help ticket urgent,Software,app_crash,"Clear the application cache/profile, repair the Office installation, and check Event Viewer for the specific exception to identify a faulty add-in.",True
1448,mailbox stuck reconnecting to server,Account_Access_Data,email_not_syncing,"Check mailbox size against quota, repair the Outlook profile/OST file, and verify Exchange server connectivity status.",True
1449,outlook not syncing new emails,Account_Access_Data,email_not_syncing,"Check mailbox size against quota, repair the Outlook profile/OST file, and verify Exchange server connectivity status.",False
1450,outlook keeps crashing on startup,Software,app_crash,"Clear the application cache/profile, repair the Office installation, and check Event Viewer for the specific exception to identify a faulty add-in.",False
1451,permission denied when opening team,Account_Access_Data,shared_drive_access,"Verify correct security group membership in AD/IAM, request manager approval if not yet a member, and add user to the relevant access group.",True
1452,prints come out blank,Hardware,printer_not_working,"Clear the print queue and restart the print spooler service, reinstall printer driver if offline persists, check toner/ink levels for blank output.",False
1453,not receiving mfa code on my phone,Access_Login,mfa_issues,"Re-sync the authenticator app time, or issue a temporary bypass code after identity verification. For lost devices, de-register old device and enroll a new one via the security portal.",False
1454,unable to establish vpn tunnel from home network,Network,vpn_connection_failure,"Restart the VPN client, confirm correct server region, and re-authenticate via SSO. If error 809 persists, check that UDP port 500/4500 is not blocked by local firewall.",False
1455,outlook not syncing new emails,Account_Access_Data,email_not_syncing,"Check mailbox size against quota, repair the Outlook profile/OST file, and verify Exchange server connectivity status.",False
1456,"locked out of my workstation, wrong password too many times",Access_Login,password_reset,"Verify identity via registered MFA device, then trigger self-service password reset portal. If account is locked, unlock via IAM console after identity verification.",False
1457,external monitor not detected when docked,Hardware,monitor_no_display,"Reseat the display cable, verify dock firmware is current, and force-detect displays via display settings; swap cable/port to isolate faulty hardware.",False
1458,"Cannot connect to company VPN, error code 809",Network,vpn_connection_failure,"Restart the VPN client, confirm correct server region, and re-authenticate via SSO. If error 809 persists, check that UDP port 500/4500 is not blocked by local firewall.",False
1459,sent items not showing up in outlook,Account_Access_Data,email_not_syncing,"Check mailbox size against quota, repair the Outlook profile/OST file, and verify Exchange server connectivity status.",True
1460,vpn client says authentication failed but passwrod is correct,Network,vpn_connection_failure,"Restart the VPN client, confirm correct server region, and re-authenticate via SSO. If error 809 persists, check that UDP port 500/4500 is not blocked by local firewall.",True
1461,"black screen on startup, no bios logo",Hardware,laptop_wont_boot,"Confirm power adapter and battery health, attempt a hard reset (hold power 15s), and if no POST, escalate for hardware diagnostic/replacement.",False
1462,cannot install latest security patch,Software,update_failure,"Run the Windows Update troubleshooter, clear the SoftwareDistribution cache, and retry; for persistent 0x8007xxxx errors, run DISM /RestoreHealth.",False
1463,single sign on redirect loop when logging into portal,Access_Login,sso_login_error,"Clear browser cookies/cache for the identity provider domain, confirm system clock is correct, and retry. If persistent, check IdP status page for outages.",False
1464,laptop wont turn on at all,Hardware,laptop_wont_boot,"Confirm power adapter and battery health, attempt a hard reset (hold power 15s), and if no POST, escalate for hardware diagnostic/replacement.",False
1465,internet dropping every 10 mins on wireless,Network,wifi_no_internet,"Forget and rejoin the WiFi network, renew DHCP lease (ipconfig /release && /renew), and confirm the access point is on the latest firmware.",False
1466,computer stuck on boot loop restarting itself,Hardware,laptop_wont_boot,"Confirm power adapter and battery health, attempt a hard reset (hold power 15s), and if no POST, escalate for hardware diagnostic/replacement.",False
1467,requesting installation of visual studio code,Software,software_install_request,"Submit software request through the self-service catalog for auto-approved titles; for licensed software, route to procurement for license allocation before install.",False
1468,requesting installation of visual studio code,Software,software_install_request,"Submit software request through the self-service catalog for auto-approved titles; for licensed software, route to procurement for license allocation before install.",False
1469,application freezes and has to be force closed,Software,app_crash,"Clear the application cache/profile, repair the Office installation, and check Event Viewer for the specific exception to identify a faulty add-in.",False
1470,VPN client says authentication failed but password is correct asap plz help ticket urgent,Network,vpn_connection_failure,"Restart the VPN client, confirm correct server region, and re-authenticate via SSO. If error 809 persists, check that UDP port 500/4500 is not blocked by local firewall.",True
1471,internet dropping every 10 mins on wireless,Network,wifi_no_internet,"Forget and rejoin the WiFi network, renew DHCP lease (ipconfig /release && /renew), and confirm the access point is on the latest firmware.",False
1472,"black screen on startup, no bios logo asap plz help ticket urgent",Hardware,laptop_wont_boot,"Confirm power adapter and battery health, attempt a hard reset (hold power 15s), and if no POST, escalate for hardware diagnostic/replacement.",True
1473,connected to office wifi but no internet access,Network,wifi_no_internet,"Forget and rejoin the WiFi network, renew DHCP lease (ipconfig /release && /renew), and confirm the access point is on the latest firmware.",False
1474,prnter not responding from my compter,Hardware,printer_not_working,"Clear the print queue and restart the print spooler service, reinstall printer driver if offline persists, check toner/ink levels for blank output.",True
1475,sso token expired immediately after asap plz help ticket urgent,Access_Login,sso_login_error,"Clear browser cookies/cache for the identity provider domain, confirm system clock is correct, and retry. If persistent, check IdP status page for outages.",True
1476,printer showing offline even though its on,Hardware,printer_not_working,"Clear the print queue and restart the print spooler service, reinstall printer driver if offline persists, check toner/ink levels for blank output.",False
1477,laptop wont get an ip address on the corporate wifi,Network,wifi_no_internet,"Forget and rejoin the WiFi network, renew DHCP lease (ipconfig /release && /renew), and confirm the access point is on the latest firmware.",False
1478,update failed with error 0x80070002,Software,update_failure,"Run the Windows Update troubleshooter, clear the SoftwareDistribution cache, and retry; for persistent 0x8007xxxx errors, run DISM /RestoreHealth.",False
1479,not receiving mfa code on my phone,Access_Login,mfa_issues,"Re-sync the authenticator app time, or issue a temporary bypass code after identity verification. For lost devices, de-register old device and enroll a new one via the security portal.",False
1480,monitor resolution keeps resetting,Hardware,monitor_no_display,"Reseat the display cable, verify dock firmware is current, and force-detect displays via display settings; swap cable/port to isolate faulty hardware.",False
1481,printer showing offline even though its on,Hardware,printer_not_working,"Clear the print queue and restart the print spooler service, reinstall printer driver if offline persists, check toner/ink levels for blank output.",False
1482,need access added to project shared drive,Account_Access_Data,shared_drive_access,"Verify correct security group membership in AD/IAM, request manager approval if not yet a member, and add user to the relevant access group.",False
1483,lost my phone adn cant complete two factor authentication,Access_Login,mfa_issues,"Re-sync the authenticator app time, or issue a temporary bypass code after identity verification. For lost devices, de-register old device and enroll a new one via the security portal.",True
1484,mfa push notification never arrives asap plz help ticket urgent,Access_Login,mfa_issues,"Re-sync the authenticator app time, or issue a temporary bypass code after identity verification. For lost devices, de-register old device and enroll a new one via the security portal.",True
1485,dont have access to the finance shared drive,Account_Access_Data,shared_drive_access,"Verify correct security group membership in AD/IAM, request manager approval if not yet a member, and add user to the relevant access group.",False
1486,update failed with error 0x80070002,Software,update_failure,"Run the Windows Update troubleshooter, clear the SoftwareDistribution cache, and retry; for persistent 0x8007xxxx errors, run DISM /RestoreHealth.",False
1487,external monitor not detected when docked,Hardware,monitor_no_display,"Reseat the display cable, verify dock firmware is current, and force-detect displays via display settings; swap cable/port to isolate faulty hardware.",False
1488,software update keps failing adn rolling back,Software,update_failure,"Run the Windows Update troubleshooter, clear the SoftwareDistribution cache, and retry; for persistent 0x8007xxxx errors, run DISM /RestoreHealth.",True
1489,mailbox stuck reconnecting to server,Account_Access_Data,email_not_syncing,"Check mailbox size against quota, repair the Outlook profile/OST file, and verify Exchange server connectivity status.",False
1490,windows update stuck at 45 percent for hours,Software,update_failure,"Run the Windows Update troubleshooter, clear the SoftwareDistribution cache, and retry; for persistent 0x8007xxxx errors, run DISM /RestoreHealth.",False
1491,external monitor not detected when,Hardware,monitor_no_display,"Reseat the display cable, verify dock firmware is current, and force-detect displays via display settings; swap cable/port to isolate faulty hardware.",True
1492,need backup restore for deleted documents,Account_Access_Data,data_recovery_request,"Check the recycle bin/OneDrive version history first; if unavailable, submit a backup restore request with file path and approximate deletion date.",False
1493,prnter not responding from my computer,Hardware,printer_not_working,"Clear the print queue and restart the print spooler service, reinstall printer driver if offline persists, check toner/ink levels for blank output.",True
1494,requesting installation of visual studio code,Software,software_install_request,"Submit software request through the self-service catalog for auto-approved titles; for licensed software, route to procurement for license allocation before install.",False
1495,connected to office wifi but no internet acess,Network,wifi_no_internet,"Forget and rejoin the WiFi network, renew DHCP lease (ipconfig /release && /renew), and confirm the access point is on the latest firmware.",True
1496,sso token expired immediately after login,Access_Login,sso_login_error,"Clear browser cookies/cache for the identity provider domain, confirm system clock is correct, and retry. If persistent, check IdP status page for outages.",False
1497,internet dropping every 10 mins on wireless,Network,wifi_no_internet,"Forget and rejoin the WiFi network, renew DHCP lease (ipconfig /release && /renew), and confirm the access point is on the latest firmware.",False
1498,laptop wont turn on at all,Hardware,laptop_wont_boot,"Confirm power adapter and battery health, attempt a hard reset (hold power 15s), and if no POST, escalate for hardware diagnostic/replacement.",True
1499,sso says invalid session please try again,Access_Login,sso_login_error,"Clear browser cookies/cache for the identity provider domain, confirm system clock is correct, and retry. If persistent, check IdP status page for outages.",False
1500,monitor resolution keeps resetting,Hardware,monitor_no_display,"Reseat the display cable, verify dock firmware is current, and force-detect displays via display settings; swap cable/port to isolate faulty hardware.",False
1501,authenticator app out of sync codes rejected,Access_Login,mfa_issues,"Re-sync the authenticator app time, or issue a temporary bypass code after identity verification. For lost devices, de-register old device and enroll a new one via the security portal.",True
1502,software update keeps failing and rolling back,Software,update_failure,"Run the Windows Update troubleshooter, clear the SoftwareDistribution cache, and retry; for persistent 0x8007xxxx errors, run DISM /RestoreHealth.",False
1503,need password reset for email account,Access_Login,password_reset,"Verify identity via registered MFA device, then trigger self-service password reset portal. If account is locked, unlock via IAM console after identity verification.",False
1504,internet is extremely slow today,Network,slow_network_speed,"Run a speed test from a wired connection to isolate WiFi vs WAN issues, check for bandwidth-heavy background syncs, and escalate to network team if WAN saturation confirmed.",False
1505,need access added to project shared drive,Account_Access_Data,shared_drive_access,"Verify correct security group membership in AD/IAM, request manager approval if not yet a member, and add user to the relevant access group.",False
1506,application freezes and has to be force closed,Software,app_crash,"Clear the application cache/profile, repair the Office installation, and check Event Viewer for the specific exception to identify a faulty add-in.",False
1507,cannot install latest security patch,Software,update_failure,"Run the Windows Update troubleshooter, clear the SoftwareDistribution cache, and retry; for persistent 0x8007xxxx errors, run DISM /RestoreHealth.",False
1508,outlook not syncing new emails,Account_Access_Data,email_not_syncing,"Check mailbox size against quota, repair the Outlook profile/OST file, and verify Exchange server connectivity status.",False
1509,update failed with error 0x80070002,Software,update_failure,"Run the Windows Update troubleshooter, clear the SoftwareDistribution cache, and retry; for persistent 0x8007xxxx errors, run DISM /RestoreHealth.",False
1510,external monitor not detected when docked,Hardware,monitor_no_display,"Reseat the display cable, verify dock firmware is current, and force-detect displays via display settings; swap cable/port to isolate faulty hardware.",False
1511,"black screen on startup, no bios logo",Hardware,laptop_wont_boot,"Confirm power adapter and battery health, attempt a hard reset (hold power 15s), and if no POST, escalate for hardware diagnostic/replacement.",False
1512,"authenticator app out of sync, codes rejected",Access_Login,mfa_issues,"Re-sync the authenticator app time, or issue a temporary bypass code after identity verification. For lost devices, de-register old device and enroll a new one via the security portal.",False
1513,update failed with error 0x80070002,Software,update_failure,"Run the Windows Update troubleshooter, clear the SoftwareDistribution cache, and retry; for persistent 0x8007xxxx errors, run DISM /RestoreHealth.",False
1514,software crashes with an unhandled exception error,Software,app_crash,"Clear the application cache/profile, repair the Office installation, and check Event Viewer for the specific exception to identify a faulty add-in.",False
1515,sso says invalid session please try again,Access_Login,sso_login_error,"Clear browser cookies/cache for the identity provider domain, confirm system clock is correct, and retry. If persistent, check IdP status page for outages.",False
1516,need password reset for email account,Access_Login,password_reset,"Verify identity via registered MFA device, then trigger self-service password reset portal. If account is locked, unlock via IAM console after identity verification.",False
1517,need access added to project shared drive,Account_Access_Data,shared_drive_access,"Verify correct security group membership in AD/IAM, request manager approval if not yet a member, and add user to the relevant access group.",False
1518,excel closes unexpectedly when opening large files,Software,app_crash,"Clear the application cache/profile, repair the Office installation, and check Event Viewer for the specific exception to identify a faulty add-in.",False
1519,need backup restore for deleted documents,Account_Access_Data,data_recovery_request,"Check the recycle bin/OneDrive version history first; if unavailable, submit a backup restore request with file path and approximate deletion date.",False
1520,need a license for project management tool,Software,software_install_request,"Submit software request through the self-service catalog for auto-approved titles; for licensed software, route to procurement for license allocation before install.",False
1521,internet is extremely slow today,Network,slow_network_speed,"Run a speed test from a wired connection to isolate WiFi vs WAN issues, check for bandwidth-heavy background syncs, and escalate to network team if WAN saturation confirmed.",False
1522,not receiving mfa code on my phone,Access_Login,mfa_issues,"Re-sync the authenticator app time, or issue a temporary bypass code after identity verification. For lost devices, de-register old device and enroll a new one via the security portal.",True
1523,windows update stuck at 45 percent for hours,Software,update_failure,"Run the Windows Update troubleshooter, clear the SoftwareDistribution cache, and retry; for persistent 0x8007xxxx errors, run DISM /RestoreHealth.",False
1524,screen flickering constantly on external display,Hardware,monitor_no_display,"Reseat the display cable, verify dock firmware is current, and force-detect displays via display settings; swap cable/port to isolate faulty hardware.",False
1525,video calls keep freezing due to slow connection,Network,slow_network_speed,"Run a speed test from a wired connection to isolate WiFi vs WAN issues, check for bandwidth-heavy background syncs, and escalate to network team if WAN saturation confirmed.",False
1526,excel closes unexpectedly when opening large files,Software,app_crash,"Clear the application cache/profile, repair the Office installation, and check Event Viewer for the specific exception to identify a faulty add-in.",True
1527,excel closes unexpectedly when opening large files,Software,app_crash,"Clear the application cache/profile, repair the Office installation, and check Event Viewer for the specific exception to identify a faulty add-in.",True
1528,excel closes unexpectedly when opening large files,Software,app_crash,"Clear the application cache/profile, repair the Office installation, and check Event Viewer for the specific exception to identify a faulty add-in.",False
1529,need password reset for email account,Access_Login,password_reset,"Verify identity via registered MFA device, then trigger self-service password reset portal. If account is locked, unlock via IAM console after identity verification.",False
1530,need to restore a folder from last week,Account_Access_Data,data_recovery_request,"Check the recycle bin/OneDrive version history first; if unavailable, submit a backup restore request with file path and approximate deletion date.",False
1531,printer showing offline even though its on,Hardware,printer_not_working,"Clear the print queue and restart the print spooler service, reinstall printer driver if offline persists, check toner/ink levels for blank output.",False
1532,accidentally deleted an important file,Account_Access_Data,data_recovery_request,"Check the recycle bin/OneDrive version history first; if unavailable, submit a backup restore request with file path and approximate deletion date.",True
1533,sso says invalid session please try again,Access_Login,sso_login_error,"Clear browser cookies/cache for the identity provider domain, confirm system clock is correct, and retry. If persistent, check IdP status page for outages.",True
1534,lost files after a sync error,Account_Access_Data,data_recovery_request,"Check the recycle bin/OneDrive version history first; if unavailable, submit a backup restore request with file path and approximate deletion date.",False
1535,need access to install adobe photoshop,Software,software_install_request,"Submit software request through the self-service catalog for auto-approved titles; for licensed software, route to procurement for license allocation before install.",False
1536,laptop wont get an ip address on the corporate wifi,Network,wifi_no_internet,"Forget and rejoin the WiFi network, renew DHCP lease (ipconfig /release && /renew), and confirm the access point is on the latest firmware.",False
1537,prints come out blank,Hardware,printer_not_working,"Clear the print queue and restart the print spooler service, reinstall printer driver if offline persists, check toner/ink levels for blank output.",False
1538,internet is extremely slow today,Network,slow_network_speed,"Run a speed test from a wired connection to isolate WiFi vs WAN issues, check for bandwidth-heavy background syncs, and escalate to network team if WAN saturation confirmed.",False
1539,cannot install latest security patch,Software,update_failure,"Run the Windows Update troubleshooter, clear the SoftwareDistribution cache, and retry; for persistent 0x8007xxxx errors, run DISM /RestoreHealth.",False
1540,emails delayed by several hours,Account_Access_Data,email_not_syncing,"Check mailbox size against quota, repair the Outlook profile/OST file, and verify Exchange server connectivity status.",False
1541,lost my phone and cant complete two factor authentication,Access_Login,mfa_issues,"Re-sync the authenticator app time, or issue a temporary bypass code after identity verification. For lost devices, de-register old device and enroll a new one via the security portal.",False
1542,print job stuck in queue forever,Hardware,printer_not_working,"Clear the print queue and restart the print spooler service, reinstall printer driver if offline persists, check toner/ink levels for blank output.",False
1543,need access to install adobe photoshop asap plz help ticket urgent,Software,software_install_request,"Submit software request through the self-service catalog for auto-approved titles; for licensed software, route to procurement for license allocation before install.",True
1544,software crashes with an unhandled exception error asap plz help ticket urgent,Software,app_crash,"Clear the application cache/profile, repair the Office installation, and check Event Viewer for the specific exception to identify a faulty add-in.",True
1545,compter stuck on boot loop restarting itself,Hardware,laptop_wont_boot,"Confirm power adapter and battery health, attempt a hard reset (hold power 15s), and if no POST, escalate for hardware diagnostic/replacement.",True
1546,not receiving mfa code on my phone,Access_Login,mfa_issues,"Re-sync the authenticator app time, or issue a temporary bypass code after identity verification. For lost devices, de-register old device and enroll a new one via the security portal.",False
1547,unable to establish vpn tunnel from home network asap plz help ticket urgent,Network,vpn_connection_failure,"Restart the VPN client, confirm correct server region, and re-authenticate via SSO. If error 809 persists, check that UDP port 500/4500 is not blocked by local firewall.",True
1548,pressed power button nothing happens,Hardware,laptop_wont_boot,"Confirm power adapter and battery health, attempt a hard reset (hold power 15s), and if no POST, escalate for hardware diagnostic/replacement.",False
1549,excel closes unexpectedly when opening large files,Software,app_crash,"Clear the application cache/profile, repair the Office installation, and check Event Viewer for the specific exception to identify a faulty add-in.",False
1550,VPN client says authentication failed but password is correct,Network,vpn_connection_failure,"Restart the VPN client, confirm correct server region, and re-authenticate via SSO. If error 809 persists, check that UDP port 500/4500 is not blocked by local firewall.",False
1551,pressed power button nothing happens,Hardware,laptop_wont_boot,"Confirm power adapter and battery health, attempt a hard reset (hold power 15s), and if no POST, escalate for hardware diagnostic/replacement.",False
1552,sso says invalid session please try again,Access_Login,sso_login_error,"Clear browser cookies/cache for the identity provider domain, confirm system clock is correct, and retry. If persistent, check IdP status page for outages.",True
1553,mfa push notification never arrives,Access_Login,mfa_issues,"Re-sync the authenticator app time, or issue a temporary bypass code after identity verification. For lost devices, de-register old device and enroll a new one via the security portal.",False
1554,"Cannot connect to company VPN, error code 809",Network,vpn_connection_failure,"Restart the VPN client, confirm correct server region, and re-authenticate via SSO. If error 809 persists, check that UDP port 500/4500 is not blocked by local firewall.",False
1555,need backup restore for deleted documents,Account_Access_Data,data_recovery_request,"Check the recycle bin/OneDrive version history first; if unavailable, submit a backup restore request with file path and approximate deletion date.",False
1556,requesting installation of visual studio code,Software,software_install_request,"Submit software request through the self-service catalog for auto-approved titles; for licensed software, route to procurement for license allocation before install.",True
1557,external monitor not detected when docked,Hardware,monitor_no_display,"Reseat the display cable, verify dock firmware is current, and force-detect displays via display settings; swap cable/port to isolate faulty hardware.",False
1558,"black screen on startup, no bios logo",Hardware,laptop_wont_boot,"Confirm power adapter and battery health, attempt a hard reset (hold power 15s), and if no POST, escalate for hardware diagnostic/replacement.",False
1559,external monitor not detected when docked,Hardware,monitor_no_display,"Reseat the display cable, verify dock firmware is current, and force-detect displays via display settings; swap cable/port to isolate faulty hardware.",False
1560,mfa push notification never arrives,Access_Login,mfa_issues,"Re-sync the authenticator app time, or issue a temporary bypass code after identity verification. For lost devices, de-register old device and enroll a new one via the security portal.",True
1561,print job stuck in queue forever,Hardware,printer_not_working,"Clear the print queue and restart the print spooler service, reinstall printer driver if offline persists, check toner/ink levels for blank output.",False
1562,sent items not showing up in outlook,Account_Access_Data,email_not_syncing,"Check mailbox size against quota, repair the Outlook profile/OST file, and verify Exchange server connectivity status.",False
1563,not receiving mfa code on asap plz help ticket urgent,Access_Login,mfa_issues,"Re-sync the authenticator app time, or issue a temporary bypass code after identity verification. For lost devices, de-register old device and enroll a new one via the security portal.",True
1564,cannot install latest security patch,Software,update_failure,"Run the Windows Update troubleshooter, clear the SoftwareDistribution cache, and retry; for persistent 0x8007xxxx errors, run DISM /RestoreHealth.",False
1565,mailbox stuck reconnecting to server,Account_Access_Data,email_not_syncing,"Check mailbox size against quota, repair the Outlook profile/OST file, and verify Exchange server connectivity status.",False
1566,file transfers to shared drive,Network,slow_network_speed,"Run a speed test from a wired connection to isolate WiFi vs WAN issues, check for bandwidth-heavy background syncs, and escalate to network team if WAN saturation confirmed.",True
1567,mailbox stuck reconnecting to server,Account_Access_Data,email_not_syncing,"Check mailbox size against quota, repair the Outlook profile/OST file, and verify Exchange server connectivity status.",False
1568,internet dropping every 10 mins on wireless,Network,wifi_no_internet,"Forget and rejoin the WiFi network, renew DHCP lease (ipconfig /release && /renew), and confirm the access point is on the latest firmware.",False
1569,account locked after too many login attempts,Access_Login,password_reset,"Verify identity via registered MFA device, then trigger self-service password reset portal. If account is locked, unlock via IAM console after identity verification.",True
1570,forgot my password and cant login,Access_Login,password_reset,"Verify identity via registered MFA device, then trigger self-service password reset portal. If account is locked, unlock via IAM console after identity verification.",False
1571,unable to establish vpn tunnel from home network,Network,vpn_connection_failure,"Restart the VPN client, confirm correct server region, and re-authenticate via SSO. If error 809 persists, check that UDP port 500/4500 is not blocked by local firewall.",False
1572,lost files after a sync,Account_Access_Data,data_recovery_request,"Check the recycle bin/OneDrive version history first; if unavailable, submit a backup restore request with file path and approximate deletion date.",True
1573,internert dropping every 10 mins,Network,wifi_no_internet,"Forget and rejoin the WiFi network, renew DHCP lease (ipconfig /release && /renew), and confirm the access point is on the latest firmware.",True
1574,pressed power button nothing happens,Hardware,laptop_wont_boot,"Confirm power adapter and battery health, attempt a hard reset (hold power 15s), and if no POST, escalate for hardware diagnostic/replacement.",False
1575,"authenticator app out of sync, codes rejected",Access_Login,mfa_issues,"Re-sync the authenticator app time, or issue a temporary bypass code after identity verification. For lost devices, de-register old device and enroll a new one via the security portal.",True
1576,dont have access to the finance shared drive,Account_Access_Data,shared_drive_access,"Verify correct security group membership in AD/IAM, request manager approval if not yet a member, and add user to the relevant access group.",False
1577,VPN keeps disconnecting every few minutes,Network,vpn_connection_failure,"Restart the VPN client, confirm correct server region, and re-authenticate via SSO. If error 809 persists, check that UDP port 500/4500 is not blocked by local firewall.",False
1578,excel closes unexpectedly when opening large files,Software,app_crash,"Clear the application cache/profile, repair the Office installation, and check Event Viewer for the specific exception to identify a faulty add-in.",False
1579,video calls keep freezing due to slow conection,Network,slow_network_speed,"Run a speed test from a wired connection to isolate WiFi vs WAN issues, check for bandwidth-heavy background syncs, and escalate to network team if WAN saturation confirmed.",True
1580,internet is extremely slow today,Network,slow_network_speed,"Run a speed test from a wired connection to isolate WiFi vs WAN issues, check for bandwidth-heavy background syncs, and escalate to network team if WAN saturation confirmed.",True
1581,prnter showing offline even though its on,Hardware,printer_not_working,"Clear the print queue and restart the print spooler service, reinstall printer driver if offline persists, check toner/ink levels for blank output.",True
1582,lost my phone and cant complete two factor authentication,Access_Login,mfa_issues,"Re-sync the authenticator app time, or issue a temporary bypass code after identity verification. For lost devices, de-register old device and enroll a new one via the security portal.",False
1583,excel closes unexpectedly when opening large files,Software,app_crash,"Clear the application cache/profile, repair the Office installation, and check Event Viewer for the specific exception to identify a faulty add-in.",True
1584,connected to office wifi but no internet access,Network,wifi_no_internet,"Forget and rejoin the WiFi network, renew DHCP lease (ipconfig /release && /renew), and confirm the access point is on the latest firmware.",False
1585,cannot install latest security patch,Software,update_failure,"Run the Windows Update troubleshooter, clear the SoftwareDistribution cache, and retry; for persistent 0x8007xxxx errors, run DISM /RestoreHealth.",True
1586,laptop wont turn on at all,Hardware,laptop_wont_boot,"Confirm power adapter and battery health, attempt a hard reset (hold power 15s), and if no POST, escalate for hardware diagnostic/replacement.",False
1587,sent items not showing up in outlook,Account_Access_Data,email_not_syncing,"Check mailbox size against quota, repair the Outlook profile/OST file, and verify Exchange server connectivity status.",False
1588,internet is extremely slow today,Network,slow_network_speed,"Run a speed test from a wired connection to isolate WiFi vs WAN issues, check for bandwidth-heavy background syncs, and escalate to network team if WAN saturation confirmed.",False
1589,outlook keeps crashing on startup,Software,app_crash,"Clear the application cache/profile, repair the Office installation, and check Event Viewer for the specific exception to identify a faulty add-in.",False
1590,need passwrod reset for email account,Access_Login,password_reset,"Verify identity via registered MFA device, then trigger self-service password reset portal. If account is locked, unlock via IAM console after identity verification.",True
1591,laptop wont turn on at all,Hardware,laptop_wont_boot,"Confirm power adapter and battery health, attempt a hard reset (hold power 15s), and if no POST, escalate for hardware diagnostic/replacement.",False
1592,single sign on redirect loop when logging into portal,Access_Login,sso_login_error,"Clear browser cookies/cache for the identity provider domain, confirm system clock is correct, and retry. If persistent, check IdP status page for outages.",True
1593,lost my phone and cant complete two factor authentication,Access_Login,mfa_issues,"Re-sync the authenticator app time, or issue a temporary bypass code after identity verification. For lost devices, de-register old device and enroll a new one via the security portal.",False
1594,"Cannot connect to company VPN, error code 809",Network,vpn_connection_failure,"Restart the VPN client, confirm correct server region, and re-authenticate via SSO. If error 809 persists, check that UDP port 500/4500 is not blocked by local firewall.",False
1595,external monitor not detected when docked,Hardware,monitor_no_display,"Reseat the display cable, verify dock firmware is current, and force-detect displays via display settings; swap cable/port to isolate faulty hardware.",True
1596,windows update stuck at 45 percent for hours,Software,update_failure,"Run the Windows Update troubleshooter, clear the SoftwareDistribution cache, and retry; for persistent 0x8007xxxx errors, run DISM /RestoreHealth.",False
1597,laptop wont turn on at all,Hardware,laptop_wont_boot,"Confirm power adapter and battery health, attempt a hard reset (hold power 15s), and if no POST, escalate for hardware diagnostic/replacement.",False
1598,update failed with error 0x80070002 asap plz help ticket urgent,Software,update_failure,"Run the Windows Update troubleshooter, clear the SoftwareDistribution cache, and retry; for persistent 0x8007xxxx errors, run DISM /RestoreHealth.",True
1599,account locked after too many login attempts,Access_Login,password_reset,"Verify identity via registered MFA device, then trigger self-service password reset portal. If account is locked, unlock via IAM console after identity verification.",False
1600,external monitor not detected when docked,Hardware,monitor_no_display,"Reseat the display cable, verify dock firmware is current, and force-detect displays via display settings; swap cable/port to isolate faulty hardware.",False
1601,laptop wont turn on at all,Hardware,laptop_wont_boot,"Confirm power adapter and battery health, attempt a hard reset (hold power 15s), and if no POST, escalate for hardware diagnostic/replacement.",False
1602,sso token expired immediately after login,Access_Login,sso_login_error,"Clear browser cookies/cache for the identity provider domain, confirm system clock is correct, and retry. If persistent, check IdP status page for outages.",False
1603,connected to office wifi but no internert acess asap plz help ticket urgent,Network,wifi_no_internet,"Forget and rejoin the WiFi network, renew DHCP lease (ipconfig /release && /renew), and confirm the access point is on the latest firmware.",True
1604,application freezes adn has to,Software,app_crash,"Clear the application cache/profile, repair the Office installation, and check Event Viewer for the specific exception to identify a faulty add-in.",True
1605,"cant access okta dashboard, blank page after login",Access_Login,sso_login_error,"Clear browser cookies/cache for the identity provider domain, confirm system clock is correct, and retry. If persistent, check IdP status page for outages.",False
1606,outlook not syncing new emails,Account_Access_Data,email_not_syncing,"Check mailbox size against quota, repair the Outlook profile/OST file, and verify Exchange server connectivity status.",True
1607,single sign on redirect loop when logging into portal,Access_Login,sso_login_error,"Clear browser cookies/cache for the identity provider domain, confirm system clock is correct, and retry. If persistent, check IdP status page for outages.",False
1608,prints come out blank,Hardware,printer_not_working,"Clear the print queue and restart the print spooler service, reinstall printer driver if offline persists, check toner/ink levels for blank output.",False
1609,lost files after a sync error,Account_Access_Data,data_recovery_request,"Check the recycle bin/OneDrive version history first; if unavailable, submit a backup restore request with file path and approximate deletion date.",False
1610,need password reset for email account,Access_Login,password_reset,"Verify identity via registered MFA device, then trigger self-service password reset portal. If account is locked, unlock via IAM console after identity verification.",False
1611,connected to office wifi but no internet access,Network,wifi_no_internet,"Forget and rejoin the WiFi network, renew DHCP lease (ipconfig /release && /renew), and confirm the access point is on the latest firmware.",False
1612,cannot install latest security patch,Software,update_failure,"Run the Windows Update troubleshooter, clear the SoftwareDistribution cache, and retry; for persistent 0x8007xxxx errors, run DISM /RestoreHealth.",False
1613,forgot my passwrod and cant login,Access_Login,password_reset,"Verify identity via registered MFA device, then trigger self-service password reset portal. If account is locked, unlock via IAM console after identity verification.",True
1614,sent items not showing up in outlook,Account_Access_Data,email_not_syncing,"Check mailbox size against quota, repair the Outlook profile/OST file, and verify Exchange server connectivity status.",False
1615,account locked after too many login attempts,Access_Login,password_reset,"Verify identity via registered MFA device, then trigger self-service password reset portal. If account is locked, unlock via IAM console after identity verification.",False
1616,external monitor not detected when docked,Hardware,monitor_no_display,"Reseat the display cable, verify dock firmware is current, and force-detect displays via display settings; swap cable/port to isolate faulty hardware.",False
1617,second monitor shows no signal,Hardware,monitor_no_display,"Reseat the display cable, verify dock firmware is current, and force-detect displays via display settings; swap cable/port to isolate faulty hardware.",False
1618,lost my phone adn cant complete,Access_Login,mfa_issues,"Re-sync the authenticator app time, or issue a temporary bypass code after identity verification. For lost devices, de-register old device and enroll a new one via the security portal.",True
1619,second monitor shows no signal,Hardware,monitor_no_display,"Reseat the display cable, verify dock firmware is current, and force-detect displays via display settings; swap cable/port to isolate faulty hardware.",False
1620,second monitor shows no signal,Hardware,monitor_no_display,"Reseat the display cable, verify dock firmware is current, and force-detect displays via display settings; swap cable/port to isolate faulty hardware.",False
1621,laptop wont turn on at,Hardware,laptop_wont_boot,"Confirm power adapter and battery health, attempt a hard reset (hold power 15s), and if no POST, escalate for hardware diagnostic/replacement.",True
1622,computer stuck on boot loop restarting itself,Hardware,laptop_wont_boot,"Confirm power adapter and battery health, attempt a hard reset (hold power 15s), and if no POST, escalate for hardware diagnostic/replacement.",False
1623,windows update stuck at 45 percent for hours,Software,update_failure,"Run the Windows Update troubleshooter, clear the SoftwareDistribution cache, and retry; for persistent 0x8007xxxx errors, run DISM /RestoreHealth.",False
1624,"black screen on startup, no bios logo",Hardware,laptop_wont_boot,"Confirm power adapter and battery health, attempt a hard reset (hold power 15s), and if no POST, escalate for hardware diagnostic/replacement.",False
1625,software update keeps failing and rolling back,Software,update_failure,"Run the Windows Update troubleshooter, clear the SoftwareDistribution cache, and retry; for persistent 0x8007xxxx errors, run DISM /RestoreHealth.",False
1626,cant access okta dashboard blank page after login asap plz help ticket urgent,Access_Login,sso_login_error,"Clear browser cookies/cache for the identity provider domain, confirm system clock is correct, and retry. If persistent, check IdP status page for outages.",True
1627,video calls keep freezing due to slow connection,Network,slow_network_speed,"Run a speed test from a wired connection to isolate WiFi vs WAN issues, check for bandwidth-heavy background syncs, and escalate to network team if WAN saturation confirmed.",False
1628,permission denied when opening team folder,Account_Access_Data,shared_drive_access,"Verify correct security group membership in AD/IAM, request manager approval if not yet a member, and add user to the relevant access group.",False
1629,dont have access to the finance shared drive,Account_Access_Data,shared_drive_access,"Verify correct security group membership in AD/IAM, request manager approval if not yet a member, and add user to the relevant access group.",False
1630,not receiving mfa code on my phone asap plz help ticket urgent,Access_Login,mfa_issues,"Re-sync the authenticator app time, or issue a temporary bypass code after identity verification. For lost devices, de-register old device and enroll a new one via the security portal.",True
1631,prnter not responding from my,Hardware,printer_not_working,"Clear the print queue and restart the print spooler service, reinstall printer driver if offline persists, check toner/ink levels for blank output.",True
1632,software crashes with an unhandled exception error,Software,app_crash,"Clear the application cache/profile, repair the Office installation, and check Event Viewer for the specific exception to identify a faulty add-in.",False
1633,need a license for project management tool,Software,software_install_request,"Submit software request through the self-service catalog for auto-approved titles; for licensed software, route to procurement for license allocation before install.",True
1634,not receiving mfa code on my phone,Access_Login,mfa_issues,"Re-sync the authenticator app time, or issue a temporary bypass code after identity verification. For lost devices, de-register old device and enroll a new one via the security portal.",False
1635,connected to office wifi but no internet access,Network,wifi_no_internet,"Forget and rejoin the WiFi network, renew DHCP lease (ipconfig /release && /renew), and confirm the access point is on the latest firmware.",False
1636,VPN client says authentication failed but passwrod is correct asap plz help ticket urgent,Network,vpn_connection_failure,"Restart the VPN client, confirm correct server region, and re-authenticate via SSO. If error 809 persists, check that UDP port 500/4500 is not blocked by local firewall.",True
1637,need backup restore for deleted documents,Account_Access_Data,data_recovery_request,"Check the recycle bin/OneDrive version history first; if unavailable, submit a backup restore request with file path and approximate deletion date.",False
1638,update failed with error 0x80070002,Software,update_failure,"Run the Windows Update troubleshooter, clear the SoftwareDistribution cache, and retry; for persistent 0x8007xxxx errors, run DISM /RestoreHealth.",False
1639,outlook keps crashing on startup,Software,app_crash,"Clear the application cache/profile, repair the Office installation, and check Event Viewer for the specific exception to identify a faulty add-in.",True
1640,screen flickering constantly on external display,Hardware,monitor_no_display,"Reseat the display cable, verify dock firmware is current, and force-detect displays via display settings; swap cable/port to isolate faulty hardware.",True
1641,connected to office wifi but no internet access,Network,wifi_no_internet,"Forget and rejoin the WiFi network, renew DHCP lease (ipconfig /release && /renew), and confirm the access point is on the latest firmware.",False
1642,monitor resolution keps resetting,Hardware,monitor_no_display,"Reseat the display cable, verify dock firmware is current, and force-detect displays via display settings; swap cable/port to isolate faulty hardware.",True
1643,prints come out blank,Hardware,printer_not_working,"Clear the print queue and restart the print spooler service, reinstall printer driver if offline persists, check toner/ink levels for blank output.",False
1644,pressed power button nothing happens,Hardware,laptop_wont_boot,"Confirm power adapter and battery health, attempt a hard reset (hold power 15s), and if no POST, escalate for hardware diagnostic/replacement.",True
1645,requesting installation of visual studio code,Software,software_install_request,"Submit software request through the self-service catalog for auto-approved titles; for licensed software, route to procurement for license allocation before install.",False
1646,permission denied when opening team folder,Account_Access_Data,shared_drive_access,"Verify correct security group membership in AD/IAM, request manager approval if not yet a member, and add user to the relevant access group.",False
1647,VPN client says authentication failed but password is correct,Network,vpn_connection_failure,"Restart the VPN client, confirm correct server region, and re-authenticate via SSO. If error 809 persists, check that UDP port 500/4500 is not blocked by local firewall.",False
1648,update failed with error 0x80070002,Software,update_failure,"Run the Windows Update troubleshooter, clear the SoftwareDistribution cache, and retry; for persistent 0x8007xxxx errors, run DISM /RestoreHealth.",False
1649,software update keeps failing and rolling back,Software,update_failure,"Run the Windows Update troubleshooter, clear the SoftwareDistribution cache, and retry; for persistent 0x8007xxxx errors, run DISM /RestoreHealth.",False
1650,update failed with error 0x80070002,Software,update_failure,"Run the Windows Update troubleshooter, clear the SoftwareDistribution cache, and retry; for persistent 0x8007xxxx errors, run DISM /RestoreHealth.",False
1651,connected to office wifi but no internet access,Network,wifi_no_internet,"Forget and rejoin the WiFi network, renew DHCP lease (ipconfig /release && /renew), and confirm the access point is on the latest firmware.",False
1652,need to restore a folder from last week,Account_Access_Data,data_recovery_request,"Check the recycle bin/OneDrive version history first; if unavailable, submit a backup restore request with file path and approximate deletion date.",True
1653,forgot my password and cant login,Access_Login,password_reset,"Verify identity via registered MFA device, then trigger self-service password reset portal. If account is locked, unlock via IAM console after identity verification.",False
1654,excel closes unexpectedly when opening large files,Software,app_crash,"Clear the application cache/profile, repair the Office installation, and check Event Viewer for the specific exception to identify a faulty add-in.",False
1655,printer not responding from my computer asap plz help ticket urgent,Hardware,printer_not_working,"Clear the print queue and restart the print spooler service, reinstall printer driver if offline persists, check toner/ink levels for blank output.",True
1656,need backup restore for deleted documents,Account_Access_Data,data_recovery_request,"Check the recycle bin/OneDrive version history first; if unavailable, submit a backup restore request with file path and approximate deletion date.",True
1657,VPN keeps disconnecting every few minutes,Network,vpn_connection_failure,"Restart the VPN client, confirm correct server region, and re-authenticate via SSO. If error 809 persists, check that UDP port 500/4500 is not blocked by local firewall.",False
1658,mailbox stuck reconnecting to server asap plz help ticket urgent,Account_Access_Data,email_not_syncing,"Check mailbox size against quota, repair the Outlook profile/OST file, and verify Exchange server connectivity status.",True
1659,software crashes with an unhandled,Software,app_crash,"Clear the application cache/profile, repair the Office installation, and check Event Viewer for the specific exception to identify a faulty add-in.",True
1660,printer not responding from my computer,Hardware,printer_not_working,"Clear the print queue and restart the print spooler service, reinstall printer driver if offline persists, check toner/ink levels for blank output.",False
1661,printer showing offline even though its on,Hardware,printer_not_working,"Clear the print queue and restart the print spooler service, reinstall printer driver if offline persists, check toner/ink levels for blank output.",False
1662,"Cannot connect to company VPN, error code 809",Network,vpn_connection_failure,"Restart the VPN client, confirm correct server region, and re-authenticate via SSO. If error 809 persists, check that UDP port 500/4500 is not blocked by local firewall.",False
1663,"cant install software, admin rights required",Software,software_install_request,"Submit software request through the self-service catalog for auto-approved titles; for licensed software, route to procurement for license allocation before install.",False
1664,accidentally deleted an important file need it back,Account_Access_Data,data_recovery_request,"Check the recycle bin/OneDrive version history first; if unavailable, submit a backup restore request with file path and approximate deletion date.",True
1665,black screen on startup no bios logo,Hardware,laptop_wont_boot,"Confirm power adapter and battery health, attempt a hard reset (hold power 15s), and if no POST, escalate for hardware diagnostic/replacement.",True
1666,permission denied when opening team,Account_Access_Data,shared_drive_access,"Verify correct security group membership in AD/IAM, request manager approval if not yet a member, and add user to the relevant access group.",True
1667,second monitor shows no signal asap plz help ticket urgent,Hardware,monitor_no_display,"Reseat the display cable, verify dock firmware is current, and force-detect displays via display settings; swap cable/port to isolate faulty hardware.",True
1668,VPN client says authentication failed but password is correct,Network,vpn_connection_failure,"Restart the VPN client, confirm correct server region, and re-authenticate via SSO. If error 809 persists, check that UDP port 500/4500 is not blocked by local firewall.",False
1669,software crashes with an unhandled exception error,Software,app_crash,"Clear the application cache/profile, repair the Office installation, and check Event Viewer for the specific exception to identify a faulty add-in.",False
1670,print job stuck in queue forever,Hardware,printer_not_working,"Clear the print queue and restart the print spooler service, reinstall printer driver if offline persists, check toner/ink levels for blank output.",False
1671,external monitor not detected when docked,Hardware,monitor_no_display,"Reseat the display cable, verify dock firmware is current, and force-detect displays via display settings; swap cable/port to isolate faulty hardware.",True
1672,sso says invalid session please try again,Access_Login,sso_login_error,"Clear browser cookies/cache for the identity provider domain, confirm system clock is correct, and retry. If persistent, check IdP status page for outages.",False
1673,monitor resolution keeps resetting,Hardware,monitor_no_display,"Reseat the display cable, verify dock firmware is current, and force-detect displays via display settings; swap cable/port to isolate faulty hardware.",False
1674,"Wifi shows connected with no internet, exclamation mark on icon",Network,wifi_no_internet,"Forget and rejoin the WiFi network, renew DHCP lease (ipconfig /release && /renew), and confirm the access point is on the latest firmware.",False
1675,permission denied when opening team folder,Account_Access_Data,shared_drive_access,"Verify correct security group membership in AD/IAM, request manager approval if not yet a member, and add user to the relevant access group.",True
1676,"cant install software, admin rights required",Software,software_install_request,"Submit software request through the self-service catalog for auto-approved titles; for licensed software, route to procurement for license allocation before install.",False
1677,lost my phone and cant complete two factor authentication,Access_Login,mfa_issues,"Re-sync the authenticator app time, or issue a temporary bypass code after identity verification. For lost devices, de-register old device and enroll a new one via the security portal.",False
1678,outlook not syncing new emails,Account_Access_Data,email_not_syncing,"Check mailbox size against quota, repair the Outlook profile/OST file, and verify Exchange server connectivity status.",True
1679,lost files after a sync error,Account_Access_Data,data_recovery_request,"Check the recycle bin/OneDrive version history first; if unavailable, submit a backup restore request with file path and approximate deletion date.",True
1680,printer showing offline even though its on,Hardware,printer_not_working,"Clear the print queue and restart the print spooler service, reinstall printer driver if offline persists, check toner/ink levels for blank output.",True
1681,cannot install latest security patch,Software,update_failure,"Run the Windows Update troubleshooter, clear the SoftwareDistribution cache, and retry; for persistent 0x8007xxxx errors, run DISM /RestoreHealth.",False
1682,video calls keep freezing due to slow connection,Network,slow_network_speed,"Run a speed test from a wired connection to isolate WiFi vs WAN issues, check for bandwidth-heavy background syncs, and escalate to network team if WAN saturation confirmed.",False
1683,prints come out blank,Hardware,printer_not_working,"Clear the print queue and restart the print spooler service, reinstall printer driver if offline persists, check toner/ink levels for blank output.",False
1684,file transfers to shared drive are taking forever,Network,slow_network_speed,"Run a speed test from a wired connection to isolate WiFi vs WAN issues, check for bandwidth-heavy background syncs, and escalate to network team if WAN saturation confirmed.",False
1685,sso token expired immediately after login,Access_Login,sso_login_error,"Clear browser cookies/cache for the identity provider domain, confirm system clock is correct, and retry. If persistent, check IdP status page for outages.",False
1686,screen flickering constantly on external display,Hardware,monitor_no_display,"Reseat the display cable, verify dock firmware is current, and force-detect displays via display settings; swap cable/port to isolate faulty hardware.",False
1687,need acess added to project shared drive asap plz help ticket urgent,Account_Access_Data,shared_drive_access,"Verify correct security group membership in AD/IAM, request manager approval if not yet a member, and add user to the relevant access group.",True
1688,external monitor not detected when docked,Hardware,monitor_no_display,"Reseat the display cable, verify dock firmware is current, and force-detect displays via display settings; swap cable/port to isolate faulty hardware.",True
1689,printer showing offline even though its on,Hardware,printer_not_working,"Clear the print queue and restart the print spooler service, reinstall printer driver if offline persists, check toner/ink levels for blank output.",False
1690,connected to office wifi but no internet access,Network,wifi_no_internet,"Forget and rejoin the WiFi network, renew DHCP lease (ipconfig /release && /renew), and confirm the access point is on the latest firmware.",False
1691,accidentally deleted an important file need it back,Account_Access_Data,data_recovery_request,"Check the recycle bin/OneDrive version history first; if unavailable, submit a backup restore request with file path and approximate deletion date.",False
1692,single sign on redirect loop when logging into portal,Access_Login,sso_login_error,"Clear browser cookies/cache for the identity provider domain, confirm system clock is correct, and retry. If persistent, check IdP status page for outages.",False
1693,cannot install latest security patch,Software,update_failure,"Run the Windows Update troubleshooter, clear the SoftwareDistribution cache, and retry; for persistent 0x8007xxxx errors, run DISM /RestoreHealth.",False
1694,account locked after too many login attempts,Access_Login,password_reset,"Verify identity via registered MFA device, then trigger self-service password reset portal. If account is locked, unlock via IAM console after identity verification.",False
1695,emails delayed by several hours,Account_Access_Data,email_not_syncing,"Check mailbox size against quota, repair the Outlook profile/OST file, and verify Exchange server connectivity status.",False
1696,"locked out of my workstation, wrong password too many times",Access_Login,password_reset,"Verify identity via registered MFA device, then trigger self-service password reset portal. If account is locked, unlock via IAM console after identity verification.",False
1697,not receiving mfa code on,Access_Login,mfa_issues,"Re-sync the authenticator app time, or issue a temporary bypass code after identity verification. For lost devices, de-register old device and enroll a new one via the security portal.",True
1698,excel closes unexpectedly when opening large files,Software,app_crash,"Clear the application cache/profile, repair the Office installation, and check Event Viewer for the specific exception to identify a faulty add-in.",False
1699,need a license for project management tool,Software,software_install_request,"Submit software request through the self-service catalog for auto-approved titles; for licensed software, route to procurement for license allocation before install.",False
1700,outlook keeps crashing on startup,Software,app_crash,"Clear the application cache/profile, repair the Office installation, and check Event Viewer for the specific exception to identify a faulty add-in.",False
1701,computer stuck on boot loop restarting itself,Hardware,laptop_wont_boot,"Confirm power adapter and battery health, attempt a hard reset (hold power 15s), and if no POST, escalate for hardware diagnostic/replacement.",False
1702,dont have access to the finance shared drive,Account_Access_Data,shared_drive_access,"Verify correct security group membership in AD/IAM, request manager approval if not yet a member, and add user to the relevant access group.",False
1703,need password reset for email account,Access_Login,password_reset,"Verify identity via registered MFA device, then trigger self-service password reset portal. If account is locked, unlock via IAM console after identity verification.",False
1704,laptop wont get an ip address on the corporate wifi,Network,wifi_no_internet,"Forget and rejoin the WiFi network, renew DHCP lease (ipconfig /release && /renew), and confirm the access point is on the latest firmware.",True
1705,print job stuck in queue forever,Hardware,printer_not_working,"Clear the print queue and restart the print spooler service, reinstall printer driver if offline persists, check toner/ink levels for blank output.",False
1706,requesting installation of visual studio,Software,software_install_request,"Submit software request through the self-service catalog for auto-approved titles; for licensed software, route to procurement for license allocation before install.",True
1707,forgot my password and cant login,Access_Login,password_reset,"Verify identity via registered MFA device, then trigger self-service password reset portal. If account is locked, unlock via IAM console after identity verification.",False
1708,need password reset for email account,Access_Login,password_reset,"Verify identity via registered MFA device, then trigger self-service password reset portal. If account is locked, unlock via IAM console after identity verification.",False
1709,laptop wont get an ip address on the corporate wifi,Network,wifi_no_internet,"Forget and rejoin the WiFi network, renew DHCP lease (ipconfig /release && /renew), and confirm the access point is on the latest firmware.",False
1710,dont have access to the finance shared drive,Account_Access_Data,shared_drive_access,"Verify correct security group membership in AD/IAM, request manager approval if not yet a member, and add user to the relevant access group.",False
1711,VPN keeps disconnecting every few minutes,Network,vpn_connection_failure,"Restart the VPN client, confirm correct server region, and re-authenticate via SSO. If error 809 persists, check that UDP port 500/4500 is not blocked by local firewall.",False
1712,application freezes and has to be force closed,Software,app_crash,"Clear the application cache/profile, repair the Office installation, and check Event Viewer for the specific exception to identify a faulty add-in.",False
1713,forgot my password and cant login,Access_Login,password_reset,"Verify identity via registered MFA device, then trigger self-service password reset portal. If account is locked, unlock via IAM console after identity verification.",False
1714,network speed test shows less than 1mbps,Network,slow_network_speed,"Run a speed test from a wired connection to isolate WiFi vs WAN issues, check for bandwidth-heavy background syncs, and escalate to network team if WAN saturation confirmed.",False
1715,not receiving mfa code on my phone,Access_Login,mfa_issues,"Re-sync the authenticator app time, or issue a temporary bypass code after identity verification. For lost devices, de-register old device and enroll a new one via the security portal.",False
1716,need acess added to project,Account_Access_Data,shared_drive_access,"Verify correct security group membership in AD/IAM, request manager approval if not yet a member, and add user to the relevant access group.",True
1717,mfa push notification never arrives,Access_Login,mfa_issues,"Re-sync the authenticator app time, or issue a temporary bypass code after identity verification. For lost devices, de-register old device and enroll a new one via the security portal.",True
1718,laptop wont turn on at all,Hardware,laptop_wont_boot,"Confirm power adapter and battery health, attempt a hard reset (hold power 15s), and if no POST, escalate for hardware diagnostic/replacement.",True
1719,internet is extremely slow today,Network,slow_network_speed,"Run a speed test from a wired connection to isolate WiFi vs WAN issues, check for bandwidth-heavy background syncs, and escalate to network team if WAN saturation confirmed.",False
1720,"Wifi shows connected with no internet, exclamation mark on icon",Network,wifi_no_internet,"Forget and rejoin the WiFi network, renew DHCP lease (ipconfig /release && /renew), and confirm the access point is on the latest firmware.",False
1721,prints come out blank,Hardware,printer_not_working,"Clear the print queue and restart the print spooler service, reinstall printer driver if offline persists, check toner/ink levels for blank output.",True
1722,printer not responding from my,Hardware,printer_not_working,"Clear the print queue and restart the print spooler service, reinstall printer driver if offline persists, check toner/ink levels for blank output.",True
1723,cannot install latest security patch,Software,update_failure,"Run the Windows Update troubleshooter, clear the SoftwareDistribution cache, and retry; for persistent 0x8007xxxx errors, run DISM /RestoreHealth.",False
1724,laptop wont get an ip address on teh corporate wifi,Network,wifi_no_internet,"Forget and rejoin the WiFi network, renew DHCP lease (ipconfig /release && /renew), and confirm the access point is on the latest firmware.",True
1725,update failed with error 0x80070002 asap plz help ticket urgent,Software,update_failure,"Run the Windows Update troubleshooter, clear the SoftwareDistribution cache, and retry; for persistent 0x8007xxxx errors, run DISM /RestoreHealth.",True
1726,software update keeps failing and rolling back,Software,update_failure,"Run the Windows Update troubleshooter, clear the SoftwareDistribution cache, and retry; for persistent 0x8007xxxx errors, run DISM /RestoreHealth.",False
1727,software crashes with an unhandled exception error,Software,app_crash,"Clear the application cache/profile, repair the Office installation, and check Event Viewer for the specific exception to identify a faulty add-in.",False
1728,permission denied when opening team folder,Account_Access_Data,shared_drive_access,"Verify correct security group membership in AD/IAM, request manager approval if not yet a member, and add user to the relevant access group.",False
1729,software crashes with an unhandled exception error,Software,app_crash,"Clear the application cache/profile, repair the Office installation, and check Event Viewer for the specific exception to identify a faulty add-in.",False
1730,laptop wont get an ip address on the corporate wifi,Network,wifi_no_internet,"Forget and rejoin the WiFi network, renew DHCP lease (ipconfig /release && /renew), and confirm the access point is on the latest firmware.",True
1731,external monitor not detected when docked,Hardware,monitor_no_display,"Reseat the display cable, verify dock firmware is current, and force-detect displays via display settings; swap cable/port to isolate faulty hardware.",False
1732,lost my phone and cant complete two factor authentication,Access_Login,mfa_issues,"Re-sync the authenticator app time, or issue a temporary bypass code after identity verification. For lost devices, de-register old device and enroll a new one via the security portal.",False
1733,outlook keeps crashing on startup asap plz help ticket urgent,Software,app_crash,"Clear the application cache/profile, repair the Office installation, and check Event Viewer for the specific exception to identify a faulty add-in.",True
1734,requesting installation of visual studio code,Software,software_install_request,"Submit software request through the self-service catalog for auto-approved titles; for licensed software, route to procurement for license allocation before install.",False
1735,"black screen on startup, no bios logo",Hardware,laptop_wont_boot,"Confirm power adapter and battery health, attempt a hard reset (hold power 15s), and if no POST, escalate for hardware diagnostic/replacement.",False
1736,requesting installation of visual studio,Software,software_install_request,"Submit software request through the self-service catalog for auto-approved titles; for licensed software, route to procurement for license allocation before install.",True
1737,pressed power button nothing happens,Hardware,laptop_wont_boot,"Confirm power adapter and battery health, attempt a hard reset (hold power 15s), and if no POST, escalate for hardware diagnostic/replacement.",False
1738,unable to establish vpn tunnel from home network,Network,vpn_connection_failure,"Restart the VPN client, confirm correct server region, and re-authenticate via SSO. If error 809 persists, check that UDP port 500/4500 is not blocked by local firewall.",False
1739,accidentally deleted an important file need it back,Account_Access_Data,data_recovery_request,"Check the recycle bin/OneDrive version history first; if unavailable, submit a backup restore request with file path and approximate deletion date.",False
1740,lost files after a sync error,Account_Access_Data,data_recovery_request,"Check the recycle bin/OneDrive version history first; if unavailable, submit a backup restore request with file path and approximate deletion date.",False
1741,cant see the shared drive that my team uses,Account_Access_Data,shared_drive_access,"Verify correct security group membership in AD/IAM, request manager approval if not yet a member, and add user to the relevant access group.",False
1742,"black screen on startup, no bios logo",Hardware,laptop_wont_boot,"Confirm power adapter and battery health, attempt a hard reset (hold power 15s), and if no POST, escalate for hardware diagnostic/replacement.",False
1743,monitor resolution keeps resetting,Hardware,monitor_no_display,"Reseat the display cable, verify dock firmware is current, and force-detect displays via display settings; swap cable/port to isolate faulty hardware.",False
1744,monitor resolution keeps resetting,Hardware,monitor_no_display,"Reseat the display cable, verify dock firmware is current, and force-detect displays via display settings; swap cable/port to isolate faulty hardware.",True
1745,screen flickering constantly on external display,Hardware,monitor_no_display,"Reseat the display cable, verify dock firmware is current, and force-detect displays via display settings; swap cable/port to isolate faulty hardware.",False
1746,unable to establish vpn tunnel,Network,vpn_connection_failure,"Restart the VPN client, confirm correct server region, and re-authenticate via SSO. If error 809 persists, check that UDP port 500/4500 is not blocked by local firewall.",True
1747,locked out of my workstation wrong password too many times asap plz help ticket urgent,Access_Login,password_reset,"Verify identity via registered MFA device, then trigger self-service password reset portal. If account is locked, unlock via IAM console after identity verification.",True
1748,cant see the shared drive that my team uses,Account_Access_Data,shared_drive_access,"Verify correct security group membership in AD/IAM, request manager approval if not yet a member, and add user to the relevant access group.",False
1749,need to restore a folder from last week,Account_Access_Data,data_recovery_request,"Check the recycle bin/OneDrive version history first; if unavailable, submit a backup restore request with file path and approximate deletion date.",False
1750,internet is extremely slow today,Network,slow_network_speed,"Run a speed test from a wired connection to isolate WiFi vs WAN issues, check for bandwidth-heavy background syncs, and escalate to network team if WAN saturation confirmed.",False
1751,software update keeps failing and rolling back,Software,update_failure,"Run the Windows Update troubleshooter, clear the SoftwareDistribution cache, and retry; for persistent 0x8007xxxx errors, run DISM /RestoreHealth.",False
1752,sso says invalid session please try again,Access_Login,sso_login_error,"Clear browser cookies/cache for the identity provider domain, confirm system clock is correct, and retry. If persistent, check IdP status page for outages.",False
1753,"locked out of my workstation, wrong password too many times",Access_Login,password_reset,"Verify identity via registered MFA device, then trigger self-service password reset portal. If account is locked, unlock via IAM console after identity verification.",False
1754,mailbox stuck reconnecting to server,Account_Access_Data,email_not_syncing,"Check mailbox size against quota, repair the Outlook profile/OST file, and verify Exchange server connectivity status.",False
1755,need to restore a folder from last week asap plz help ticket urgent,Account_Access_Data,data_recovery_request,"Check the recycle bin/OneDrive version history first; if unavailable, submit a backup restore request with file path and approximate deletion date.",True
1756,cannot install latest security patch,Software,update_failure,"Run the Windows Update troubleshooter, clear the SoftwareDistribution cache, and retry; for persistent 0x8007xxxx errors, run DISM /RestoreHealth.",False
1757,emails delayed by several hours,Account_Access_Data,email_not_syncing,"Check mailbox size against quota, repair the Outlook profile/OST file, and verify Exchange server connectivity status.",True
1758,"cant access okta dashboard, blank page after login",Access_Login,sso_login_error,"Clear browser cookies/cache for the identity provider domain, confirm system clock is correct, and retry. If persistent, check IdP status page for outages.",False
1759,monitor resolution keeps resetting,Hardware,monitor_no_display,"Reseat the display cable, verify dock firmware is current, and force-detect displays via display settings; swap cable/port to isolate faulty hardware.",False
1760,cannot install latest security patch,Software,update_failure,"Run the Windows Update troubleshooter, clear the SoftwareDistribution cache, and retry; for persistent 0x8007xxxx errors, run DISM /RestoreHealth.",False
1761,outlook keps crashing on startup asap plz help ticket urgent,Software,app_crash,"Clear the application cache/profile, repair the Office installation, and check Event Viewer for the specific exception to identify a faulty add-in.",True
1762,screen flickering constantly on external,Hardware,monitor_no_display,"Reseat the display cable, verify dock firmware is current, and force-detect displays via display settings; swap cable/port to isolate faulty hardware.",True
1763,printer not responding from my computer,Hardware,printer_not_working,"Clear the print queue and restart the print spooler service, reinstall printer driver if offline persists, check toner/ink levels for blank output.",False
1764,cant see the shared drive that my team uses,Account_Access_Data,shared_drive_access,"Verify correct security group membership in AD/IAM, request manager approval if not yet a member, and add user to the relevant access group.",True
1765,"cant install software, admin rights required",Software,software_install_request,"Submit software request through the self-service catalog for auto-approved titles; for licensed software, route to procurement for license allocation before install.",False
1766,VPN client says authentication failed but,Network,vpn_connection_failure,"Restart the VPN client, confirm correct server region, and re-authenticate via SSO. If error 809 persists, check that UDP port 500/4500 is not blocked by local firewall.",True
1767,second monitor shows no signal,Hardware,monitor_no_display,"Reseat the display cable, verify dock firmware is current, and force-detect displays via display settings; swap cable/port to isolate faulty hardware.",False
1768,mfa push notification never arrives,Access_Login,mfa_issues,"Re-sync the authenticator app time, or issue a temporary bypass code after identity verification. For lost devices, de-register old device and enroll a new one via the security portal.",True
1769,software crashes with an unhandled exception error asap plz help ticket urgent,Software,app_crash,"Clear the application cache/profile, repair the Office installation, and check Event Viewer for the specific exception to identify a faulty add-in.",True
1770,update failed with error 0x80070002,Software,update_failure,"Run the Windows Update troubleshooter, clear the SoftwareDistribution cache, and retry; for persistent 0x8007xxxx errors, run DISM /RestoreHealth.",True
1771,printer showing offline even though its on,Hardware,printer_not_working,"Clear the print queue and restart the print spooler service, reinstall printer driver if offline persists, check toner/ink levels for blank output.",True
1772,mfa push notification never arrives,Access_Login,mfa_issues,"Re-sync the authenticator app time, or issue a temporary bypass code after identity verification. For lost devices, de-register old device and enroll a new one via the security portal.",True
1773,sso token expired immediately after login,Access_Login,sso_login_error,"Clear browser cookies/cache for the identity provider domain, confirm system clock is correct, and retry. If persistent, check IdP status page for outages.",False
1774,VPN client says authentication failed but password is correct,Network,vpn_connection_failure,"Restart the VPN client, confirm correct server region, and re-authenticate via SSO. If error 809 persists, check that UDP port 500/4500 is not blocked by local firewall.",False
1775,need to restore a folder from last week,Account_Access_Data,data_recovery_request,"Check the recycle bin/OneDrive version history first; if unavailable, submit a backup restore request with file path and approximate deletion date.",False
1776,printer not responding from my computer,Hardware,printer_not_working,"Clear the print queue and restart the print spooler service, reinstall printer driver if offline persists, check toner/ink levels for blank output.",False
1777,lost files after a sync error,Account_Access_Data,data_recovery_request,"Check the recycle bin/OneDrive version history first; if unavailable, submit a backup restore request with file path and approximate deletion date.",True
1778,application freezes and has to be force closed,Software,app_crash,"Clear the application cache/profile, repair the Office installation, and check Event Viewer for the specific exception to identify a faulty add-in.",False
1779,not receiving mfa code on my phone,Access_Login,mfa_issues,"Re-sync the authenticator app time, or issue a temporary bypass code after identity verification. For lost devices, de-register old device and enroll a new one via the security portal.",False
1780,single sign on redirect loop when logging into portal,Access_Login,sso_login_error,"Clear browser cookies/cache for the identity provider domain, confirm system clock is correct, and retry. If persistent, check IdP status page for outages.",False
1781,sso says invalid session please try again,Access_Login,sso_login_error,"Clear browser cookies/cache for the identity provider domain, confirm system clock is correct, and retry. If persistent, check IdP status page for outages.",False
1782,excel closes unexpectedly when opening large files,Software,app_crash,"Clear the application cache/profile, repair the Office installation, and check Event Viewer for the specific exception to identify a faulty add-in.",False
1783,windows update stuck at 45 percent for hours,Software,update_failure,"Run the Windows Update troubleshooter, clear the SoftwareDistribution cache, and retry; for persistent 0x8007xxxx errors, run DISM /RestoreHealth.",False
1784,"locked out of my workstation, wrong password too many times",Access_Login,password_reset,"Verify identity via registered MFA device, then trigger self-service password reset portal. If account is locked, unlock via IAM console after identity verification.",False
1785,VPN keeps disconnecting every few,Network,vpn_connection_failure,"Restart the VPN client, confirm correct server region, and re-authenticate via SSO. If error 809 persists, check that UDP port 500/4500 is not blocked by local firewall.",True
1786,need a license for project management tool,Software,software_install_request,"Submit software request through the self-service catalog for auto-approved titles; for licensed software, route to procurement for license allocation before install.",False
1787,connected to office wifi but no internet access,Network,wifi_no_internet,"Forget and rejoin the WiFi network, renew DHCP lease (ipconfig /release && /renew), and confirm the access point is on the latest firmware.",False
1788,dont have access to the finance shared drive,Account_Access_Data,shared_drive_access,"Verify correct security group membership in AD/IAM, request manager approval if not yet a member, and add user to the relevant access group.",False
1789,connected to office wifi but no internet access,Network,wifi_no_internet,"Forget and rejoin the WiFi network, renew DHCP lease (ipconfig /release && /renew), and confirm the access point is on the latest firmware.",True
1790,"Wifi shows connected with no internet, exclamation mark on icon",Network,wifi_no_internet,"Forget and rejoin the WiFi network, renew DHCP lease (ipconfig /release && /renew), and confirm the access point is on the latest firmware.",False
1791,sso token expired immediately after login,Access_Login,sso_login_error,"Clear browser cookies/cache for the identity provider domain, confirm system clock is correct, and retry. If persistent, check IdP status page for outages.",False
1792,emails delayed by several hours,Account_Access_Data,email_not_syncing,"Check mailbox size against quota, repair the Outlook profile/OST file, and verify Exchange server connectivity status.",True
1793,file transfers to shared drive are taking forever,Network,slow_network_speed,"Run a speed test from a wired connection to isolate WiFi vs WAN issues, check for bandwidth-heavy background syncs, and escalate to network team if WAN saturation confirmed.",True
1794,computer stuck on boot loop,Hardware,laptop_wont_boot,"Confirm power adapter and battery health, attempt a hard reset (hold power 15s), and if no POST, escalate for hardware diagnostic/replacement.",True
1795,laptop wont turn on at all,Hardware,laptop_wont_boot,"Confirm power adapter and battery health, attempt a hard reset (hold power 15s), and if no POST, escalate for hardware diagnostic/replacement.",True
1796,outlook not syncing new emails,Account_Access_Data,email_not_syncing,"Check mailbox size against quota, repair the Outlook profile/OST file, and verify Exchange server connectivity status.",True
1797,print job stuck in queue forever,Hardware,printer_not_working,"Clear the print queue and restart the print spooler service, reinstall printer driver if offline persists, check toner/ink levels for blank output.",False
1798,need password reset for email account,Access_Login,password_reset,"Verify identity via registered MFA device, then trigger self-service password reset portal. If account is locked, unlock via IAM console after identity verification.",False
1799,mfa push notification never arrives,Access_Login,mfa_issues,"Re-sync the authenticator app time, or issue a temporary bypass code after identity verification. For lost devices, de-register old device and enroll a new one via the security portal.",False
1800,lost files after a sync error,Account_Access_Data,data_recovery_request,"Check the recycle bin/OneDrive version history first; if unavailable, submit a backup restore request with file path and approximate deletion date.",False
1801,"cant access okta dashboard, blank page after login",Access_Login,sso_login_error,"Clear browser cookies/cache for the identity provider domain, confirm system clock is correct, and retry. If persistent, check IdP status page for outages.",False
1802,outlook keeps crashing on startup,Software,app_crash,"Clear the application cache/profile, repair the Office installation, and check Event Viewer for the specific exception to identify a faulty add-in.",False
1803,sso token expired immediately after login,Access_Login,sso_login_error,"Clear browser cookies/cache for the identity provider domain, confirm system clock is correct, and retry. If persistent, check IdP status page for outages.",True
1804,"cant install software, admin rights required",Software,software_install_request,"Submit software request through the self-service catalog for auto-approved titles; for licensed software, route to procurement for license allocation before install.",False
1805,VPN keeps disconnecting every few minutes,Network,vpn_connection_failure,"Restart the VPN client, confirm correct server region, and re-authenticate via SSO. If error 809 persists, check that UDP port 500/4500 is not blocked by local firewall.",False
1806,sso says invalid session please,Access_Login,sso_login_error,"Clear browser cookies/cache for the identity provider domain, confirm system clock is correct, and retry. If persistent, check IdP status page for outages.",True
1807,video calls keep freezing due to slow connection,Network,slow_network_speed,"Run a speed test from a wired connection to isolate WiFi vs WAN issues, check for bandwidth-heavy background syncs, and escalate to network team if WAN saturation confirmed.",False
1808,need password reset for email account,Access_Login,password_reset,"Verify identity via registered MFA device, then trigger self-service password reset portal. If account is locked, unlock via IAM console after identity verification.",False
1809,emails delayed by several hours,Account_Access_Data,email_not_syncing,"Check mailbox size against quota, repair the Outlook profile/OST file, and verify Exchange server connectivity status.",False
1810,cant access okta dashboard blank,Access_Login,sso_login_error,"Clear browser cookies/cache for the identity provider domain, confirm system clock is correct, and retry. If persistent, check IdP status page for outages.",True
1811,need to restore a folder from last week,Account_Access_Data,data_recovery_request,"Check the recycle bin/OneDrive version history first; if unavailable, submit a backup restore request with file path and approximate deletion date.",False
1812,"authenticator app out of sync, codes rejected",Access_Login,mfa_issues,"Re-sync the authenticator app time, or issue a temporary bypass code after identity verification. For lost devices, de-register old device and enroll a new one via the security portal.",True
1813,need acess to install adobe,Software,software_install_request,"Submit software request through the self-service catalog for auto-approved titles; for licensed software, route to procurement for license allocation before install.",True
1814,prints come out blank,Hardware,printer_not_working,"Clear the print queue and restart the print spooler service, reinstall printer driver if offline persists, check toner/ink levels for blank output.",False
1815,VPN client says authentication failed but password is correct,Network,vpn_connection_failure,"Restart the VPN client, confirm correct server region, and re-authenticate via SSO. If error 809 persists, check that UDP port 500/4500 is not blocked by local firewall.",True
1816,cant see the shared drive that my team uses,Account_Access_Data,shared_drive_access,"Verify correct security group membership in AD/IAM, request manager approval if not yet a member, and add user to the relevant access group.",False
1817,external monitor not detected when docked,Hardware,monitor_no_display,"Reseat the display cable, verify dock firmware is current, and force-detect displays via display settings; swap cable/port to isolate faulty hardware.",False
1818,software crashes with an unhandled exception error,Software,app_crash,"Clear the application cache/profile, repair the Office installation, and check Event Viewer for the specific exception to identify a faulty add-in.",False
1819,prints come out blank,Hardware,printer_not_working,"Clear the print queue and restart the print spooler service, reinstall printer driver if offline persists, check toner/ink levels for blank output.",False
1820,file transfers to shared drive are taking forever,Network,slow_network_speed,"Run a speed test from a wired connection to isolate WiFi vs WAN issues, check for bandwidth-heavy background syncs, and escalate to network team if WAN saturation confirmed.",False
1821,need passwrod reset for email,Access_Login,password_reset,"Verify identity via registered MFA device, then trigger self-service password reset portal. If account is locked, unlock via IAM console after identity verification.",True
1822,external monitor not detected when docked,Hardware,monitor_no_display,"Reseat the display cable, verify dock firmware is current, and force-detect displays via display settings; swap cable/port to isolate faulty hardware.",False
1823,requesting installation of visual studio code,Software,software_install_request,"Submit software request through the self-service catalog for auto-approved titles; for licensed software, route to procurement for license allocation before install.",False
1824,excel closes unexpectedly when opening large files asap plz help ticket urgent,Software,app_crash,"Clear the application cache/profile, repair the Office installation, and check Event Viewer for the specific exception to identify a faulty add-in.",True
1825,dont have access to the finance shared drive,Account_Access_Data,shared_drive_access,"Verify correct security group membership in AD/IAM, request manager approval if not yet a member, and add user to the relevant access group.",True
1826,"black screen on startup, no bios logo",Hardware,laptop_wont_boot,"Confirm power adapter and battery health, attempt a hard reset (hold power 15s), and if no POST, escalate for hardware diagnostic/replacement.",False
1827,requesting installation of visual studio code,Software,software_install_request,"Submit software request through the self-service catalog for auto-approved titles; for licensed software, route to procurement for license allocation before install.",True
1828,lost files after a sync error asap plz help ticket urgent,Account_Access_Data,data_recovery_request,"Check the recycle bin/OneDrive version history first; if unavailable, submit a backup restore request with file path and approximate deletion date.",True
1829,requesting installation of visual studio code,Software,software_install_request,"Submit software request through the self-service catalog for auto-approved titles; for licensed software, route to procurement for license allocation before install.",True
1830,single sign on redirect loop when logging into portal,Access_Login,sso_login_error,"Clear browser cookies/cache for the identity provider domain, confirm system clock is correct, and retry. If persistent, check IdP status page for outages.",True
1831,unable to establish vpn tunnel from home network,Network,vpn_connection_failure,"Restart the VPN client, confirm correct server region, and re-authenticate via SSO. If error 809 persists, check that UDP port 500/4500 is not blocked by local firewall.",False
1832,accidentally deleted an important file need it back,Account_Access_Data,data_recovery_request,"Check the recycle bin/OneDrive version history first; if unavailable, submit a backup restore request with file path and approximate deletion date.",False
1833,software update keeps failing and rolling back,Software,update_failure,"Run the Windows Update troubleshooter, clear the SoftwareDistribution cache, and retry; for persistent 0x8007xxxx errors, run DISM /RestoreHealth.",False
1834,video calls keep freezing due to slow connection,Network,slow_network_speed,"Run a speed test from a wired connection to isolate WiFi vs WAN issues, check for bandwidth-heavy background syncs, and escalate to network team if WAN saturation confirmed.",True
1835,cant see teh shared drive that,Account_Access_Data,shared_drive_access,"Verify correct security group membership in AD/IAM, request manager approval if not yet a member, and add user to the relevant access group.",True
1836,requesting installation of visual studio code,Software,software_install_request,"Submit software request through the self-service catalog for auto-approved titles; for licensed software, route to procurement for license allocation before install.",True
1837,update failed with error 0x80070002,Software,update_failure,"Run the Windows Update troubleshooter, clear the SoftwareDistribution cache, and retry; for persistent 0x8007xxxx errors, run DISM /RestoreHealth.",False
1838,prnter showing offline even though its on,Hardware,printer_not_working,"Clear the print queue and restart the print spooler service, reinstall printer driver if offline persists, check toner/ink levels for blank output.",True
1839,mailbox stuck reconnecting to server,Account_Access_Data,email_not_syncing,"Check mailbox size against quota, repair the Outlook profile/OST file, and verify Exchange server connectivity status.",False
1840,software update keeps failing adn rolling back,Software,update_failure,"Run the Windows Update troubleshooter, clear the SoftwareDistribution cache, and retry; for persistent 0x8007xxxx errors, run DISM /RestoreHealth.",True
1841,single sign on redirect loop when logging into portal,Access_Login,sso_login_error,"Clear browser cookies/cache for the identity provider domain, confirm system clock is correct, and retry. If persistent, check IdP status page for outages.",False
1842,update failed with error 0x80070002,Software,update_failure,"Run the Windows Update troubleshooter, clear the SoftwareDistribution cache, and retry; for persistent 0x8007xxxx errors, run DISM /RestoreHealth.",True
1843,unable to establish vpn tunnel from home network,Network,vpn_connection_failure,"Restart the VPN client, confirm correct server region, and re-authenticate via SSO. If error 809 persists, check that UDP port 500/4500 is not blocked by local firewall.",False
1844,"Cannot connect to company VPN, error code 809",Network,vpn_connection_failure,"Restart the VPN client, confirm correct server region, and re-authenticate via SSO. If error 809 persists, check that UDP port 500/4500 is not blocked by local firewall.",False
1845,outlook not syncing new emails,Account_Access_Data,email_not_syncing,"Check mailbox size against quota, repair the Outlook profile/OST file, and verify Exchange server connectivity status.",True
1846,cannot install latest security patch,Software,update_failure,"Run the Windows Update troubleshooter, clear the SoftwareDistribution cache, and retry; for persistent 0x8007xxxx errors, run DISM /RestoreHealth.",False
1847,permission denied when opening team folder,Account_Access_Data,shared_drive_access,"Verify correct security group membership in AD/IAM, request manager approval if not yet a member, and add user to the relevant access group.",False
1848,excel closes unexpectedly when opening large files,Software,app_crash,"Clear the application cache/profile, repair the Office installation, and check Event Viewer for the specific exception to identify a faulty add-in.",False
1849,emails delayed by several hours asap plz help ticket urgent,Account_Access_Data,email_not_syncing,"Check mailbox size against quota, repair the Outlook profile/OST file, and verify Exchange server connectivity status.",True
1850,"Wifi shows connected with no internet, exclamation mark on icon",Network,wifi_no_internet,"Forget and rejoin the WiFi network, renew DHCP lease (ipconfig /release && /renew), and confirm the access point is on the latest firmware.",False
1851,need password reset for email account,Access_Login,password_reset,"Verify identity via registered MFA device, then trigger self-service password reset portal. If account is locked, unlock via IAM console after identity verification.",False
1852,monitor resolution keeps resetting,Hardware,monitor_no_display,"Reseat the display cable, verify dock firmware is current, and force-detect displays via display settings; swap cable/port to isolate faulty hardware.",False
1853,single sign on redirect loop when logging into portal,Access_Login,sso_login_error,"Clear browser cookies/cache for the identity provider domain, confirm system clock is correct, and retry. If persistent, check IdP status page for outages.",False
1854,VPN client says authentication failed but password is correct,Network,vpn_connection_failure,"Restart the VPN client, confirm correct server region, and re-authenticate via SSO. If error 809 persists, check that UDP port 500/4500 is not blocked by local firewall.",False
1855,lost files after a sync error,Account_Access_Data,data_recovery_request,"Check the recycle bin/OneDrive version history first; if unavailable, submit a backup restore request with file path and approximate deletion date.",False
1856,"black screen on startup, no bios logo",Hardware,laptop_wont_boot,"Confirm power adapter and battery health, attempt a hard reset (hold power 15s), and if no POST, escalate for hardware diagnostic/replacement.",False
1857,windows update stuck at 45,Software,update_failure,"Run the Windows Update troubleshooter, clear the SoftwareDistribution cache, and retry; for persistent 0x8007xxxx errors, run DISM /RestoreHealth.",True
1858,network speed test shows less than 1mbps,Network,slow_network_speed,"Run a speed test from a wired connection to isolate WiFi vs WAN issues, check for bandwidth-heavy background syncs, and escalate to network team if WAN saturation confirmed.",False
1859,mailbox stuck reconnecting to server,Account_Access_Data,email_not_syncing,"Check mailbox size against quota, repair the Outlook profile/OST file, and verify Exchange server connectivity status.",False
1860,emails delayed by several hours,Account_Access_Data,email_not_syncing,"Check mailbox size against quota, repair the Outlook profile/OST file, and verify Exchange server connectivity status.",False
1861,software update keeps failing and rolling back,Software,update_failure,"Run the Windows Update troubleshooter, clear the SoftwareDistribution cache, and retry; for persistent 0x8007xxxx errors, run DISM /RestoreHealth.",False
1862,connected to office wifi but no internert access,Network,wifi_no_internet,"Forget and rejoin the WiFi network, renew DHCP lease (ipconfig /release && /renew), and confirm the access point is on the latest firmware.",True
1863,external monitor not detected when docked,Hardware,monitor_no_display,"Reseat the display cable, verify dock firmware is current, and force-detect displays via display settings; swap cable/port to isolate faulty hardware.",False
1864,computer stuck on boot loop restarting itself,Hardware,laptop_wont_boot,"Confirm power adapter and battery health, attempt a hard reset (hold power 15s), and if no POST, escalate for hardware diagnostic/replacement.",True
1865,computer stuck on boot loop restarting itself,Hardware,laptop_wont_boot,"Confirm power adapter and battery health, attempt a hard reset (hold power 15s), and if no POST, escalate for hardware diagnostic/replacement.",True
1866,"authenticator app out of sync, codes rejected",Access_Login,mfa_issues,"Re-sync the authenticator app time, or issue a temporary bypass code after identity verification. For lost devices, de-register old device and enroll a new one via the security portal.",True
1867,unable to establish vpn tunnel from home network,Network,vpn_connection_failure,"Restart the VPN client, confirm correct server region, and re-authenticate via SSO. If error 809 persists, check that UDP port 500/4500 is not blocked by local firewall.",False
1868,cant see the shared drive that my team uses,Account_Access_Data,shared_drive_access,"Verify correct security group membership in AD/IAM, request manager approval if not yet a member, and add user to the relevant access group.",False
1869,printer showing offline even though its on,Hardware,printer_not_working,"Clear the print queue and restart the print spooler service, reinstall printer driver if offline persists, check toner/ink levels for blank output.",False
1870,mailbox stuck reconnecting to server,Account_Access_Data,email_not_syncing,"Check mailbox size against quota, repair the Outlook profile/OST file, and verify Exchange server connectivity status.",True
1871,need access added to project shared drive,Account_Access_Data,shared_drive_access,"Verify correct security group membership in AD/IAM, request manager approval if not yet a member, and add user to the relevant access group.",False
1872,not receiving mfa code on my phone,Access_Login,mfa_issues,"Re-sync the authenticator app time, or issue a temporary bypass code after identity verification. For lost devices, de-register old device and enroll a new one via the security portal.",False
1873,need acess to install adobe photoshop,Software,software_install_request,"Submit software request through the self-service catalog for auto-approved titles; for licensed software, route to procurement for license allocation before install.",True
1874,emails delayed by several hours,Account_Access_Data,email_not_syncing,"Check mailbox size against quota, repair the Outlook profile/OST file, and verify Exchange server connectivity status.",True
1875,cannot install latest security patch,Software,update_failure,"Run the Windows Update troubleshooter, clear the SoftwareDistribution cache, and retry; for persistent 0x8007xxxx errors, run DISM /RestoreHealth.",False
1876,need a license for project asap plz help ticket urgent,Software,software_install_request,"Submit software request through the self-service catalog for auto-approved titles; for licensed software, route to procurement for license allocation before install.",True
1877,pressed power button nothing happens,Hardware,laptop_wont_boot,"Confirm power adapter and battery health, attempt a hard reset (hold power 15s), and if no POST, escalate for hardware diagnostic/replacement.",False
1878,account locked after too many login attempts,Access_Login,password_reset,"Verify identity via registered MFA device, then trigger self-service password reset portal. If account is locked, unlock via IAM console after identity verification.",False
1879,unable to establish vpn tunnel from home network,Network,vpn_connection_failure,"Restart the VPN client, confirm correct server region, and re-authenticate via SSO. If error 809 persists, check that UDP port 500/4500 is not blocked by local firewall.",False
1880,lost files after a sync error,Account_Access_Data,data_recovery_request,"Check the recycle bin/OneDrive version history first; if unavailable, submit a backup restore request with file path and approximate deletion date.",False
1881,printer not responding from my computer,Hardware,printer_not_working,"Clear the print queue and restart the print spooler service, reinstall printer driver if offline persists, check toner/ink levels for blank output.",False
1882,account locked after too many login attempts,Access_Login,password_reset,"Verify identity via registered MFA device, then trigger self-service password reset portal. If account is locked, unlock via IAM console after identity verification.",False
1883,windows update stuck at 45 percent for hours,Software,update_failure,"Run the Windows Update troubleshooter, clear the SoftwareDistribution cache, and retry; for persistent 0x8007xxxx errors, run DISM /RestoreHealth.",False
1884,printer showing offline even though its on,Hardware,printer_not_working,"Clear the print queue and restart the print spooler service, reinstall printer driver if offline persists, check toner/ink levels for blank output.",False
1885,sent items not showing up in outlook asap plz help ticket urgent,Account_Access_Data,email_not_syncing,"Check mailbox size against quota, repair the Outlook profile/OST file, and verify Exchange server connectivity status.",True
1886,need to restore a folder from last week,Account_Access_Data,data_recovery_request,"Check the recycle bin/OneDrive version history first; if unavailable, submit a backup restore request with file path and approximate deletion date.",False
1887,printer showing offline even though its on,Hardware,printer_not_working,"Clear the print queue and restart the print spooler service, reinstall printer driver if offline persists, check toner/ink levels for blank output.",False
1888,software update keeps failing and rolling back,Software,update_failure,"Run the Windows Update troubleshooter, clear the SoftwareDistribution cache, and retry; for persistent 0x8007xxxx errors, run DISM /RestoreHealth.",False
1889,cannot install latest security patch,Software,update_failure,"Run the Windows Update troubleshooter, clear the SoftwareDistribution cache, and retry; for persistent 0x8007xxxx errors, run DISM /RestoreHealth.",False
1890,need password reset for email account,Access_Login,password_reset,"Verify identity via registered MFA device, then trigger self-service password reset portal. If account is locked, unlock via IAM console after identity verification.",False
1891,need backup restore for deleted documents,Account_Access_Data,data_recovery_request,"Check the recycle bin/OneDrive version history first; if unavailable, submit a backup restore request with file path and approximate deletion date.",False
1892,"Cannot connect to company VPN, error code 809",Network,vpn_connection_failure,"Restart the VPN client, confirm correct server region, and re-authenticate via SSO. If error 809 persists, check that UDP port 500/4500 is not blocked by local firewall.",False
1893,printer showing offline even though its on,Hardware,printer_not_working,"Clear the print queue and restart the print spooler service, reinstall printer driver if offline persists, check toner/ink levels for blank output.",False
1894,need backup restore for deleted documents,Account_Access_Data,data_recovery_request,"Check the recycle bin/OneDrive version history first; if unavailable, submit a backup restore request with file path and approximate deletion date.",True
1895,requesting installation of visual studio code,Software,software_install_request,"Submit software request through the self-service catalog for auto-approved titles; for licensed software, route to procurement for license allocation before install.",True
1896,"Cannot connect to company VPN, error code 809",Network,vpn_connection_failure,"Restart the VPN client, confirm correct server region, and re-authenticate via SSO. If error 809 persists, check that UDP port 500/4500 is not blocked by local firewall.",False
1897,unable to establish vpn tunnel from home network,Network,vpn_connection_failure,"Restart the VPN client, confirm correct server region, and re-authenticate via SSO. If error 809 persists, check that UDP port 500/4500 is not blocked by local firewall.",False
1898,connected to office wifi but,Network,wifi_no_internet,"Forget and rejoin the WiFi network, renew DHCP lease (ipconfig /release && /renew), and confirm the access point is on the latest firmware.",True
1899,update failed with error 0x80070002,Software,update_failure,"Run the Windows Update troubleshooter, clear the SoftwareDistribution cache, and retry; for persistent 0x8007xxxx errors, run DISM /RestoreHealth.",True
1900,prints come out blank,Hardware,printer_not_working,"Clear the print queue and restart the print spooler service, reinstall printer driver if offline persists, check toner/ink levels for blank output.",False
1901,mailbox stuck reconnecting to server,Account_Access_Data,email_not_syncing,"Check mailbox size against quota, repair the Outlook profile/OST file, and verify Exchange server connectivity status.",True
1902,sent items not showing up in outlook,Account_Access_Data,email_not_syncing,"Check mailbox size against quota, repair the Outlook profile/OST file, and verify Exchange server connectivity status.",False
1903,update failed with error 0x80070002,Software,update_failure,"Run the Windows Update troubleshooter, clear the SoftwareDistribution cache, and retry; for persistent 0x8007xxxx errors, run DISM /RestoreHealth.",False
1904,"cant install software, admin rights required",Software,software_install_request,"Submit software request through the self-service catalog for auto-approved titles; for licensed software, route to procurement for license allocation before install.",False
1905,not receiving mfa code on my phone,Access_Login,mfa_issues,"Re-sync the authenticator app time, or issue a temporary bypass code after identity verification. For lost devices, de-register old device and enroll a new one via the security portal.",True
1906,video calls keep freezing due to slow connection,Network,slow_network_speed,"Run a speed test from a wired connection to isolate WiFi vs WAN issues, check for bandwidth-heavy background syncs, and escalate to network team if WAN saturation confirmed.",False
1907,need access to install adobe photoshop,Software,software_install_request,"Submit software request through the self-service catalog for auto-approved titles; for licensed software, route to procurement for license allocation before install.",False
1908,second monitor shows no signal,Hardware,monitor_no_display,"Reseat the display cable, verify dock firmware is current, and force-detect displays via display settings; swap cable/port to isolate faulty hardware.",False
1909,emails delayed by several hours,Account_Access_Data,email_not_syncing,"Check mailbox size against quota, repair the Outlook profile/OST file, and verify Exchange server connectivity status.",False
1910,mailbox stuck reconnecting to server,Account_Access_Data,email_not_syncing,"Check mailbox size against quota, repair the Outlook profile/OST file, and verify Exchange server connectivity status.",True
1911,"Wifi shows connected with no internet, exclamation mark on icon",Network,wifi_no_internet,"Forget and rejoin the WiFi network, renew DHCP lease (ipconfig /release && /renew), and confirm the access point is on the latest firmware.",False
1912,lost files after a sync error,Account_Access_Data,data_recovery_request,"Check the recycle bin/OneDrive version history first; if unavailable, submit a backup restore request with file path and approximate deletion date.",True
1913,need passwrod reset for email account,Access_Login,password_reset,"Verify identity via registered MFA device, then trigger self-service password reset portal. If account is locked, unlock via IAM console after identity verification.",True
1914,forgot my passwrod adn cant asap plz help ticket urgent,Access_Login,password_reset,"Verify identity via registered MFA device, then trigger self-service password reset portal. If account is locked, unlock via IAM console after identity verification.",True
1915,application freezes and has to be force closed,Software,app_crash,"Clear the application cache/profile, repair the Office installation, and check Event Viewer for the specific exception to identify a faulty add-in.",False
1916,need a license for project management tool,Software,software_install_request,"Submit software request through the self-service catalog for auto-approved titles; for licensed software, route to procurement for license allocation before install.",False
1917,connected to office wifi but no internet access,Network,wifi_no_internet,"Forget and rejoin the WiFi network, renew DHCP lease (ipconfig /release && /renew), and confirm the access point is on the latest firmware.",False
1918,need password reset for email account,Access_Login,password_reset,"Verify identity via registered MFA device, then trigger self-service password reset portal. If account is locked, unlock via IAM console after identity verification.",False
1919,video calls keep freezing due,Network,slow_network_speed,"Run a speed test from a wired connection to isolate WiFi vs WAN issues, check for bandwidth-heavy background syncs, and escalate to network team if WAN saturation confirmed.",True
1920,mfa push notification never arrives asap plz help ticket urgent,Access_Login,mfa_issues,"Re-sync the authenticator app time, or issue a temporary bypass code after identity verification. For lost devices, de-register old device and enroll a new one via the security portal.",True
1921,mfa push notification never arrives,Access_Login,mfa_issues,"Re-sync the authenticator app time, or issue a temporary bypass code after identity verification. For lost devices, de-register old device and enroll a new one via the security portal.",False
1922,print job stuck in queue forever,Hardware,printer_not_working,"Clear the print queue and restart the print spooler service, reinstall printer driver if offline persists, check toner/ink levels for blank output.",False
1923,internet is extremely slow today,Network,slow_network_speed,"Run a speed test from a wired connection to isolate WiFi vs WAN issues, check for bandwidth-heavy background syncs, and escalate to network team if WAN saturation confirmed.",True
1924,unable to establish vpn tunnel from home network,Network,vpn_connection_failure,"Restart the VPN client, confirm correct server region, and re-authenticate via SSO. If error 809 persists, check that UDP port 500/4500 is not blocked by local firewall.",False
1925,not receiving mfa code on my phone,Access_Login,mfa_issues,"Re-sync the authenticator app time, or issue a temporary bypass code after identity verification. For lost devices, de-register old device and enroll a new one via the security portal.",False
1926,forgot my password and cant login,Access_Login,password_reset,"Verify identity via registered MFA device, then trigger self-service password reset portal. If account is locked, unlock via IAM console after identity verification.",False
1927,update failed with error 0x80070002,Software,update_failure,"Run the Windows Update troubleshooter, clear the SoftwareDistribution cache, and retry; for persistent 0x8007xxxx errors, run DISM /RestoreHealth.",False
1928,"Cannot connect to company VPN, error code 809",Network,vpn_connection_failure,"Restart the VPN client, confirm correct server region, and re-authenticate via SSO. If error 809 persists, check that UDP port 500/4500 is not blocked by local firewall.",False
1929,outlook not syncing new emails asap plz help ticket urgent,Account_Access_Data,email_not_syncing,"Check mailbox size against quota, repair the Outlook profile/OST file, and verify Exchange server connectivity status.",True
1930,lost my phone and cant complete two factor authentication,Access_Login,mfa_issues,"Re-sync the authenticator app time, or issue a temporary bypass code after identity verification. For lost devices, de-register old device and enroll a new one via the security portal.",False
1931,update failed with error 0x80070002 asap plz help ticket urgent,Software,update_failure,"Run the Windows Update troubleshooter, clear the SoftwareDistribution cache, and retry; for persistent 0x8007xxxx errors, run DISM /RestoreHealth.",True
1932,cannot install latest security patch,Software,update_failure,"Run the Windows Update troubleshooter, clear the SoftwareDistribution cache, and retry; for persistent 0x8007xxxx errors, run DISM /RestoreHealth.",False
1933,excel closes unexpectedly when opening large files,Software,app_crash,"Clear the application cache/profile, repair the Office installation, and check Event Viewer for the specific exception to identify a faulty add-in.",False
1934,monitor resolution keeps resetting asap plz help ticket urgent,Hardware,monitor_no_display,"Reseat the display cable, verify dock firmware is current, and force-detect displays via display settings; swap cable/port to isolate faulty hardware.",True
1935,printer showing offline even though its on,Hardware,printer_not_working,"Clear the print queue and restart the print spooler service, reinstall printer driver if offline persists, check toner/ink levels for blank output.",False
1936,emails delayed by several hours,Account_Access_Data,email_not_syncing,"Check mailbox size against quota, repair the Outlook profile/OST file, and verify Exchange server connectivity status.",False
1937,emails delayed by several hours,Account_Access_Data,email_not_syncing,"Check mailbox size against quota, repair the Outlook profile/OST file, and verify Exchange server connectivity status.",False
1938,video calls keep freezing due,Network,slow_network_speed,"Run a speed test from a wired connection to isolate WiFi vs WAN issues, check for bandwidth-heavy background syncs, and escalate to network team if WAN saturation confirmed.",True
1939,laptop wont turn on at all,Hardware,laptop_wont_boot,"Confirm power adapter and battery health, attempt a hard reset (hold power 15s), and if no POST, escalate for hardware diagnostic/replacement.",False
1940,cant connect to company vpn,Network,vpn_connection_failure,"Restart the VPN client, confirm correct server region, and re-authenticate via SSO. If error 809 persists, check that UDP port 500/4500 is not blocked by local firewall.",True
1941,software update keeps failing and rolling back,Software,update_failure,"Run the Windows Update troubleshooter, clear the SoftwareDistribution cache, and retry; for persistent 0x8007xxxx errors, run DISM /RestoreHealth.",False
1942,outlook not syncing new emails,Account_Access_Data,email_not_syncing,"Check mailbox size against quota, repair the Outlook profile/OST file, and verify Exchange server connectivity status.",False
1943,accidentally deleted an important file need it back,Account_Access_Data,data_recovery_request,"Check the recycle bin/OneDrive version history first; if unavailable, submit a backup restore request with file path and approximate deletion date.",True
1944,windows update stuck at 45 percent for hours,Software,update_failure,"Run the Windows Update troubleshooter, clear the SoftwareDistribution cache, and retry; for persistent 0x8007xxxx errors, run DISM /RestoreHealth.",False
1945,need access to install adobe photoshop,Software,software_install_request,"Submit software request through the self-service catalog for auto-approved titles; for licensed software, route to procurement for license allocation before install.",False
1946,external monitor not detected when docked,Hardware,monitor_no_display,"Reseat the display cable, verify dock firmware is current, and force-detect displays via display settings; swap cable/port to isolate faulty hardware.",False
1947,"black screen on startup, no bios logo",Hardware,laptop_wont_boot,"Confirm power adapter and battery health, attempt a hard reset (hold power 15s), and if no POST, escalate for hardware diagnostic/replacement.",False
1948,"Cannot connect to company VPN, error code 809",Network,vpn_connection_failure,"Restart the VPN client, confirm correct server region, and re-authenticate via SSO. If error 809 persists, check that UDP port 500/4500 is not blocked by local firewall.",False
1949,account locked after too many login attempts,Access_Login,password_reset,"Verify identity via registered MFA device, then trigger self-service password reset portal. If account is locked, unlock via IAM console after identity verification.",False
1950,sso token expired immediately after login,Access_Login,sso_login_error,"Clear browser cookies/cache for the identity provider domain, confirm system clock is correct, and retry. If persistent, check IdP status page for outages.",False
1951,mailbox stuck reconnecting to server,Account_Access_Data,email_not_syncing,"Check mailbox size against quota, repair the Outlook profile/OST file, and verify Exchange server connectivity status.",False
1952,excel closes unexpectedly when opening large files,Software,app_crash,"Clear the application cache/profile, repair the Office installation, and check Event Viewer for the specific exception to identify a faulty add-in.",False
1953,sent items not showing up in outlook,Account_Access_Data,email_not_syncing,"Check mailbox size against quota, repair the Outlook profile/OST file, and verify Exchange server connectivity status.",False
1954,need backup restore for deleted documents,Account_Access_Data,data_recovery_request,"Check the recycle bin/OneDrive version history first; if unavailable, submit a backup restore request with file path and approximate deletion date.",False
1955,screen flickering constantly on external display,Hardware,monitor_no_display,"Reseat the display cable, verify dock firmware is current, and force-detect displays via display settings; swap cable/port to isolate faulty hardware.",False
1956,software update keeps failing and rolling back,Software,update_failure,"Run the Windows Update troubleshooter, clear the SoftwareDistribution cache, and retry; for persistent 0x8007xxxx errors, run DISM /RestoreHealth.",False
1957,second monitor shows no signal,Hardware,monitor_no_display,"Reseat the display cable, verify dock firmware is current, and force-detect displays via display settings; swap cable/port to isolate faulty hardware.",False
1958,lost my phone and cant complete two factor authentication,Access_Login,mfa_issues,"Re-sync the authenticator app time, or issue a temporary bypass code after identity verification. For lost devices, de-register old device and enroll a new one via the security portal.",False
1959,need a license for project asap plz help ticket urgent,Software,software_install_request,"Submit software request through the self-service catalog for auto-approved titles; for licensed software, route to procurement for license allocation before install.",True
1960,computer stuck on boot loop restarting itself,Hardware,laptop_wont_boot,"Confirm power adapter and battery health, attempt a hard reset (hold power 15s), and if no POST, escalate for hardware diagnostic/replacement.",False
1961,not receiving mfa code on my phone,Access_Login,mfa_issues,"Re-sync the authenticator app time, or issue a temporary bypass code after identity verification. For lost devices, de-register old device and enroll a new one via the security portal.",False
1962,second monitor shows no signal,Hardware,monitor_no_display,"Reseat the display cable, verify dock firmware is current, and force-detect displays via display settings; swap cable/port to isolate faulty hardware.",True
1963,need password reset for email account,Access_Login,password_reset,"Verify identity via registered MFA device, then trigger self-service password reset portal. If account is locked, unlock via IAM console after identity verification.",False
1964,video calls keep freezing due to slow connection,Network,slow_network_speed,"Run a speed test from a wired connection to isolate WiFi vs WAN issues, check for bandwidth-heavy background syncs, and escalate to network team if WAN saturation confirmed.",False
1965,single sign on redirect loop when logging into portal,Access_Login,sso_login_error,"Clear browser cookies/cache for the identity provider domain, confirm system clock is correct, and retry. If persistent, check IdP status page for outages.",False
1966,software crashes with an unhandled exception error,Software,app_crash,"Clear the application cache/profile, repair the Office installation, and check Event Viewer for the specific exception to identify a faulty add-in.",False
1967,need access added to project shared drive,Account_Access_Data,shared_drive_access,"Verify correct security group membership in AD/IAM, request manager approval if not yet a member, and add user to the relevant access group.",True
1968,need access to install adobe photoshop,Software,software_install_request,"Submit software request through the self-service catalog for auto-approved titles; for licensed software, route to procurement for license allocation before install.",False
1969,single sign on redirect loop when logging into portal,Access_Login,sso_login_error,"Clear browser cookies/cache for the identity provider domain, confirm system clock is correct, and retry. If persistent, check IdP status page for outages.",False
1970,application freezes and has to be force closed,Software,app_crash,"Clear the application cache/profile, repair the Office installation, and check Event Viewer for the specific exception to identify a faulty add-in.",False
1971,second monitor shows no signal,Hardware,monitor_no_display,"Reseat the display cable, verify dock firmware is current, and force-detect displays via display settings; swap cable/port to isolate faulty hardware.",False
1972,forgot my password and cant login,Access_Login,password_reset,"Verify identity via registered MFA device, then trigger self-service password reset portal. If account is locked, unlock via IAM console after identity verification.",False
1973,need acess to install adobe,Software,software_install_request,"Submit software request through the self-service catalog for auto-approved titles; for licensed software, route to procurement for license allocation before install.",True
1974,video calls keep freezing due to slow conection,Network,slow_network_speed,"Run a speed test from a wired connection to isolate WiFi vs WAN issues, check for bandwidth-heavy background syncs, and escalate to network team if WAN saturation confirmed.",True
1975,mfa push notification never arrives,Access_Login,mfa_issues,"Re-sync the authenticator app time, or issue a temporary bypass code after identity verification. For lost devices, de-register old device and enroll a new one via the security portal.",False
1976,sso says invalid session pls try again asap plz help ticket urgent,Access_Login,sso_login_error,"Clear browser cookies/cache for the identity provider domain, confirm system clock is correct, and retry. If persistent, check IdP status page for outages.",True
1977,"cant install software, admin rights required",Software,software_install_request,"Submit software request through the self-service catalog for auto-approved titles; for licensed software, route to procurement for license allocation before install.",False
1978,printer not responding from my computer,Hardware,printer_not_working,"Clear the print queue and restart the print spooler service, reinstall printer driver if offline persists, check toner/ink levels for blank output.",False
1979,mfa push notification never arrives,Access_Login,mfa_issues,"Re-sync the authenticator app time, or issue a temporary bypass code after identity verification. For lost devices, de-register old device and enroll a new one via the security portal.",False
1980,excel closes unexpectedly when opening large files asap plz help ticket urgent,Software,app_crash,"Clear the application cache/profile, repair the Office installation, and check Event Viewer for the specific exception to identify a faulty add-in.",True
1981,"Cannot connect to company VPN, error code 809",Network,vpn_connection_failure,"Restart the VPN client, confirm correct server region, and re-authenticate via SSO. If error 809 persists, check that UDP port 500/4500 is not blocked by local firewall.",False
1982,computer stuck on boot loop restarting itself,Hardware,laptop_wont_boot,"Confirm power adapter and battery health, attempt a hard reset (hold power 15s), and if no POST, escalate for hardware diagnostic/replacement.",False
1983,internet dropping every 10 mins on wireless,Network,wifi_no_internet,"Forget and rejoin the WiFi network, renew DHCP lease (ipconfig /release && /renew), and confirm the access point is on the latest firmware.",False
1984,black screen on startup no bios logo,Hardware,laptop_wont_boot,"Confirm power adapter and battery health, attempt a hard reset (hold power 15s), and if no POST, escalate for hardware diagnostic/replacement.",True
1985,single sign on redirect loop when logging into portal,Access_Login,sso_login_error,"Clear browser cookies/cache for the identity provider domain, confirm system clock is correct, and retry. If persistent, check IdP status page for outages.",False
1986,need acess added to project,Account_Access_Data,shared_drive_access,"Verify correct security group membership in AD/IAM, request manager approval if not yet a member, and add user to the relevant access group.",True
1987,unable to establish vpn tunnel from home network,Network,vpn_connection_failure,"Restart the VPN client, confirm correct server region, and re-authenticate via SSO. If error 809 persists, check that UDP port 500/4500 is not blocked by local firewall.",False
1988,laptop wont turn on at all,Hardware,laptop_wont_boot,"Confirm power adapter and battery health, attempt a hard reset (hold power 15s), and if no POST, escalate for hardware diagnostic/replacement.",True
1989,internet dropping every 10 mins on wireless,Network,wifi_no_internet,"Forget and rejoin the WiFi network, renew DHCP lease (ipconfig /release && /renew), and confirm the access point is on the latest firmware.",False
1990,permission denied when opening team folder asap plz help ticket urgent,Account_Access_Data,shared_drive_access,"Verify correct security group membership in AD/IAM, request manager approval if not yet a member, and add user to the relevant access group.",True
1991,sent items not showing up in outlook,Account_Access_Data,email_not_syncing,"Check mailbox size against quota, repair the Outlook profile/OST file, and verify Exchange server connectivity status.",False
1992,need password reset for email account,Access_Login,password_reset,"Verify identity via registered MFA device, then trigger self-service password reset portal. If account is locked, unlock via IAM console after identity verification.",False
1993,screen flickering constantly on external display,Hardware,monitor_no_display,"Reseat the display cable, verify dock firmware is current, and force-detect displays via display settings; swap cable/port to isolate faulty hardware.",True
1994,application freezes adn has to be force closed,Software,app_crash,"Clear the application cache/profile, repair the Office installation, and check Event Viewer for the specific exception to identify a faulty add-in.",True
1995,need to restore a folder from last week,Account_Access_Data,data_recovery_request,"Check the recycle bin/OneDrive version history first; if unavailable, submit a backup restore request with file path and approximate deletion date.",False
1996,cant see the shared drive that my team uses,Account_Access_Data,shared_drive_access,"Verify correct security group membership in AD/IAM, request manager approval if not yet a member, and add user to the relevant access group.",False
1997,mailbox stuck reconnecting to server,Account_Access_Data,email_not_syncing,"Check mailbox size against quota, repair the Outlook profile/OST file, and verify Exchange server connectivity status.",False
1998,sso says invalid session please try again,Access_Login,sso_login_error,"Clear browser cookies/cache for the identity provider domain, confirm system clock is correct, and retry. If persistent, check IdP status page for outages.",False
1999,need password reset for email account,Access_Login,password_reset,"Verify identity via registered MFA device, then trigger self-service password reset portal. If account is locked, unlock via IAM console after identity verification.",False
2000,cant see the shared drive that my team uses,Account_Access_Data,shared_drive_access,"Verify correct security group membership in AD/IAM, request manager approval if not yet a member, and add user to the relevant access group.",False
2001,sso says invalid session please try again,Access_Login,sso_login_error,"Clear browser cookies/cache for the identity provider domain, confirm system clock is correct, and retry. If persistent, check IdP status page for outages.",False
2002,accidentally deleted an important file,Account_Access_Data,data_recovery_request,"Check the recycle bin/OneDrive version history first; if unavailable, submit a backup restore request with file path and approximate deletion date.",True
2003,"cant install software, admin rights required",Software,software_install_request,"Submit software request through the self-service catalog for auto-approved titles; for licensed software, route to procurement for license allocation before install.",False
2004,"black screen on startup, no bios logo",Hardware,laptop_wont_boot,"Confirm power adapter and battery health, attempt a hard reset (hold power 15s), and if no POST, escalate for hardware diagnostic/replacement.",True
2005,need to restore a folder from last week,Account_Access_Data,data_recovery_request,"Check the recycle bin/OneDrive version history first; if unavailable, submit a backup restore request with file path and approximate deletion date.",False
2006,single sign on redirect loop when logging into portal,Access_Login,sso_login_error,"Clear browser cookies/cache for the identity provider domain, confirm system clock is correct, and retry. If persistent, check IdP status page for outages.",False
2007,software crashes with an unhandled exception error,Software,app_crash,"Clear the application cache/profile, repair the Office installation, and check Event Viewer for the specific exception to identify a faulty add-in.",False
2008,pressed power button nothing happens,Hardware,laptop_wont_boot,"Confirm power adapter and battery health, attempt a hard reset (hold power 15s), and if no POST, escalate for hardware diagnostic/replacement.",False
2009,account locked after too many login attempts,Access_Login,password_reset,"Verify identity via registered MFA device, then trigger self-service password reset portal. If account is locked, unlock via IAM console after identity verification.",True
2010,sso says invalid session please try again,Access_Login,sso_login_error,"Clear browser cookies/cache for the identity provider domain, confirm system clock is correct, and retry. If persistent, check IdP status page for outages.",False
2011,unable to establish vpn tunnel from home network,Network,vpn_connection_failure,"Restart the VPN client, confirm correct server region, and re-authenticate via SSO. If error 809 persists, check that UDP port 500/4500 is not blocked by local firewall.",False
2012,cannot install latest security patch,Software,update_failure,"Run the Windows Update troubleshooter, clear the SoftwareDistribution cache, and retry; for persistent 0x8007xxxx errors, run DISM /RestoreHealth.",False
2013,mfa push notification never arrives,Access_Login,mfa_issues,"Re-sync the authenticator app time, or issue a temporary bypass code after identity verification. For lost devices, de-register old device and enroll a new one via the security portal.",False
2014,need backup restore for deleted documents,Account_Access_Data,data_recovery_request,"Check the recycle bin/OneDrive version history first; if unavailable, submit a backup restore request with file path and approximate deletion date.",False
2015,windows update stuck at 45 percent for hours,Software,update_failure,"Run the Windows Update troubleshooter, clear the SoftwareDistribution cache, and retry; for persistent 0x8007xxxx errors, run DISM /RestoreHealth.",False
2016,need access to install adobe photoshop,Software,software_install_request,"Submit software request through the self-service catalog for auto-approved titles; for licensed software, route to procurement for license allocation before install.",False
2017,sso token expired immediately after login,Access_Login,sso_login_error,"Clear browser cookies/cache for the identity provider domain, confirm system clock is correct, and retry. If persistent, check IdP status page for outages.",False
2018,video calls keep freezing due to slow connection,Network,slow_network_speed,"Run a speed test from a wired connection to isolate WiFi vs WAN issues, check for bandwidth-heavy background syncs, and escalate to network team if WAN saturation confirmed.",False
2019,VPN client says authentication failed but password is correct,Network,vpn_connection_failure,"Restart the VPN client, confirm correct server region, and re-authenticate via SSO. If error 809 persists, check that UDP port 500/4500 is not blocked by local firewall.",False
2020,prints come out blank,Hardware,printer_not_working,"Clear the print queue and restart the print spooler service, reinstall printer driver if offline persists, check toner/ink levels for blank output.",True
2021,software update keeps failing adn rolling back,Software,update_failure,"Run the Windows Update troubleshooter, clear the SoftwareDistribution cache, and retry; for persistent 0x8007xxxx errors, run DISM /RestoreHealth.",True
2022,printer not responding from my,Hardware,printer_not_working,"Clear the print queue and restart the print spooler service, reinstall printer driver if offline persists, check toner/ink levels for blank output.",True
2023,single sign on redirect loop when,Access_Login,sso_login_error,"Clear browser cookies/cache for the identity provider domain, confirm system clock is correct, and retry. If persistent, check IdP status page for outages.",True
2024,need to restore a folder from last week,Account_Access_Data,data_recovery_request,"Check the recycle bin/OneDrive version history first; if unavailable, submit a backup restore request with file path and approximate deletion date.",False
2025,excel closes unexpectedly when opening large files,Software,app_crash,"Clear the application cache/profile, repair the Office installation, and check Event Viewer for the specific exception to identify a faulty add-in.",False
2026,need to restore a folder,Account_Access_Data,data_recovery_request,"Check the recycle bin/OneDrive version history first; if unavailable, submit a backup restore request with file path and approximate deletion date.",True
2027,requesting installation of visual studio code,Software,software_install_request,"Submit software request through the self-service catalog for auto-approved titles; for licensed software, route to procurement for license allocation before install.",True
2028,need a license for project management tool,Software,software_install_request,"Submit software request through the self-service catalog for auto-approved titles; for licensed software, route to procurement for license allocation before install.",False
2029,video calls keep freezing due,Network,slow_network_speed,"Run a speed test from a wired connection to isolate WiFi vs WAN issues, check for bandwidth-heavy background syncs, and escalate to network team if WAN saturation confirmed.",True
2030,"cant access okta dashboard, blank page after login",Access_Login,sso_login_error,"Clear browser cookies/cache for the identity provider domain, confirm system clock is correct, and retry. If persistent, check IdP status page for outages.",False
2031,dont have acess to teh finance shared drive,Account_Access_Data,shared_drive_access,"Verify correct security group membership in AD/IAM, request manager approval if not yet a member, and add user to the relevant access group.",True
2032,laptop wont turn on at,Hardware,laptop_wont_boot,"Confirm power adapter and battery health, attempt a hard reset (hold power 15s), and if no POST, escalate for hardware diagnostic/replacement.",True
2033,need to restore a folder from last week,Account_Access_Data,data_recovery_request,"Check the recycle bin/OneDrive version history first; if unavailable, submit a backup restore request with file path and approximate deletion date.",False
2034,outlook not syncing new emails asap plz help ticket urgent,Account_Access_Data,email_not_syncing,"Check mailbox size against quota, repair the Outlook profile/OST file, and verify Exchange server connectivity status.",True
2035,windows update stuck at 45,Software,update_failure,"Run the Windows Update troubleshooter, clear the SoftwareDistribution cache, and retry; for persistent 0x8007xxxx errors, run DISM /RestoreHealth.",True
2036,permission denied when opening team folder,Account_Access_Data,shared_drive_access,"Verify correct security group membership in AD/IAM, request manager approval if not yet a member, and add user to the relevant access group.",False
2037,internet is extremely slow today,Network,slow_network_speed,"Run a speed test from a wired connection to isolate WiFi vs WAN issues, check for bandwidth-heavy background syncs, and escalate to network team if WAN saturation confirmed.",False
2038,lost files after a sync error,Account_Access_Data,data_recovery_request,"Check the recycle bin/OneDrive version history first; if unavailable, submit a backup restore request with file path and approximate deletion date.",False
2039,printer showing offline even though its on,Hardware,printer_not_working,"Clear the print queue and restart the print spooler service, reinstall printer driver if offline persists, check toner/ink levels for blank output.",False
2040,need backup restore for deleted documents,Account_Access_Data,data_recovery_request,"Check the recycle bin/OneDrive version history first; if unavailable, submit a backup restore request with file path and approximate deletion date.",False
2041,requesting installation of visual studio code,Software,software_install_request,"Submit software request through the self-service catalog for auto-approved titles; for licensed software, route to procurement for license allocation before install.",False
2042,"cant access okta dashboard, blank page after login",Access_Login,sso_login_error,"Clear browser cookies/cache for the identity provider domain, confirm system clock is correct, and retry. If persistent, check IdP status page for outages.",False
2043,VPN keeps disconnecting every few minutes,Network,vpn_connection_failure,"Restart the VPN client, confirm correct server region, and re-authenticate via SSO. If error 809 persists, check that UDP port 500/4500 is not blocked by local firewall.",False
2044,file transfers to shared drive are taking forever,Network,slow_network_speed,"Run a speed test from a wired connection to isolate WiFi vs WAN issues, check for bandwidth-heavy background syncs, and escalate to network team if WAN saturation confirmed.",False
2045,need access to install adobe photoshop,Software,software_install_request,"Submit software request through the self-service catalog for auto-approved titles; for licensed software, route to procurement for license allocation before install.",False
2046,need to restore a folder from last week,Account_Access_Data,data_recovery_request,"Check the recycle bin/OneDrive version history first; if unavailable, submit a backup restore request with file path and approximate deletion date.",True
2047,lost files after a sync error,Account_Access_Data,data_recovery_request,"Check the recycle bin/OneDrive version history first; if unavailable, submit a backup restore request with file path and approximate deletion date.",False
2048,network speed test shows less than 1mbps,Network,slow_network_speed,"Run a speed test from a wired connection to isolate WiFi vs WAN issues, check for bandwidth-heavy background syncs, and escalate to network team if WAN saturation confirmed.",False
2049,accidentally deleted an important file need it back,Account_Access_Data,data_recovery_request,"Check the recycle bin/OneDrive version history first; if unavailable, submit a backup restore request with file path and approximate deletion date.",False
2050,lost my phone and cant complete two factor authentication,Access_Login,mfa_issues,"Re-sync the authenticator app time, or issue a temporary bypass code after identity verification. For lost devices, de-register old device and enroll a new one via the security portal.",False
2051,need access to install adobe photoshop,Software,software_install_request,"Submit software request through the self-service catalog for auto-approved titles; for licensed software, route to procurement for license allocation before install.",False
2052,software crashes with an unhandled exception error,Software,app_crash,"Clear the application cache/profile, repair the Office installation, and check Event Viewer for the specific exception to identify a faulty add-in.",False
2053,mailbox stuck reconnecting to server,Account_Access_Data,email_not_syncing,"Check mailbox size against quota, repair the Outlook profile/OST file, and verify Exchange server connectivity status.",False
2054,windows update stuck at 45 percent for hours,Software,update_failure,"Run the Windows Update troubleshooter, clear the SoftwareDistribution cache, and retry; for persistent 0x8007xxxx errors, run DISM /RestoreHealth.",False
2055,screen flickering constantly on external display,Hardware,monitor_no_display,"Reseat the display cable, verify dock firmware is current, and force-detect displays via display settings; swap cable/port to isolate faulty hardware.",False
2056,VPN client says authentication failed but password is correct,Network,vpn_connection_failure,"Restart the VPN client, confirm correct server region, and re-authenticate via SSO. If error 809 persists, check that UDP port 500/4500 is not blocked by local firewall.",False
2057,"black screen on startup, no bios logo",Hardware,laptop_wont_boot,"Confirm power adapter and battery health, attempt a hard reset (hold power 15s), and if no POST, escalate for hardware diagnostic/replacement.",True
2058,need backup restore for deleted documents,Account_Access_Data,data_recovery_request,"Check the recycle bin/OneDrive version history first; if unavailable, submit a backup restore request with file path and approximate deletion date.",True
2059,internet dropping every 10 mins on wireless,Network,wifi_no_internet,"Forget and rejoin the WiFi network, renew DHCP lease (ipconfig /release && /renew), and confirm the access point is on the latest firmware.",True
2060,need password reset for email account,Access_Login,password_reset,"Verify identity via registered MFA device, then trigger self-service password reset portal. If account is locked, unlock via IAM console after identity verification.",False
2061,"locked out of my workstation, wrong password too many times",Access_Login,password_reset,"Verify identity via registered MFA device, then trigger self-service password reset portal. If account is locked, unlock via IAM console after identity verification.",False
2062,update failed with error 0x80070002,Software,update_failure,"Run the Windows Update troubleshooter, clear the SoftwareDistribution cache, and retry; for persistent 0x8007xxxx errors, run DISM /RestoreHealth.",True
2063,account locked after too many login attempts asap plz help ticket urgent,Access_Login,password_reset,"Verify identity via registered MFA device, then trigger self-service password reset portal. If account is locked, unlock via IAM console after identity verification.",True
2064,laptop wont turn on at all,Hardware,laptop_wont_boot,"Confirm power adapter and battery health, attempt a hard reset (hold power 15s), and if no POST, escalate for hardware diagnostic/replacement.",False
2065,VPN client says authentication failed but,Network,vpn_connection_failure,"Restart the VPN client, confirm correct server region, and re-authenticate via SSO. If error 809 persists, check that UDP port 500/4500 is not blocked by local firewall.",True
2066,mailbox stuck reconnecting to server,Account_Access_Data,email_not_syncing,"Check mailbox size against quota, repair the Outlook profile/OST file, and verify Exchange server connectivity status.",False
2067,"black screen on startup, no bios logo",Hardware,laptop_wont_boot,"Confirm power adapter and battery health, attempt a hard reset (hold power 15s), and if no POST, escalate for hardware diagnostic/replacement.",True
2068,screen flickering constantly on external display asap plz help ticket urgent,Hardware,monitor_no_display,"Reseat the display cable, verify dock firmware is current, and force-detect displays via display settings; swap cable/port to isolate faulty hardware.",True
2069,screen flickering constantly on external display,Hardware,monitor_no_display,"Reseat the display cable, verify dock firmware is current, and force-detect displays via display settings; swap cable/port to isolate faulty hardware.",False
2070,VPN keeps disconnecting every few minutes,Network,vpn_connection_failure,"Restart the VPN client, confirm correct server region, and re-authenticate via SSO. If error 809 persists, check that UDP port 500/4500 is not blocked by local firewall.",False
2071,unable to establish vpn tunnel from home network,Network,vpn_connection_failure,"Restart the VPN client, confirm correct server region, and re-authenticate via SSO. If error 809 persists, check that UDP port 500/4500 is not blocked by local firewall.",True
2072,cannot install latest security patch,Software,update_failure,"Run the Windows Update troubleshooter, clear the SoftwareDistribution cache, and retry; for persistent 0x8007xxxx errors, run DISM /RestoreHealth.",False
2073,single sign on redirect loop when logging into portal,Access_Login,sso_login_error,"Clear browser cookies/cache for the identity provider domain, confirm system clock is correct, and retry. If persistent, check IdP status page for outages.",False
2074,update failed with error 0x80070002,Software,update_failure,"Run the Windows Update troubleshooter, clear the SoftwareDistribution cache, and retry; for persistent 0x8007xxxx errors, run DISM /RestoreHealth.",True
2075,requesting installation of visual studio code,Software,software_install_request,"Submit software request through the self-service catalog for auto-approved titles; for licensed software, route to procurement for license allocation before install.",False
2076,"cant access okta dashboard, blank page after login",Access_Login,sso_login_error,"Clear browser cookies/cache for the identity provider domain, confirm system clock is correct, and retry. If persistent, check IdP status page for outages.",False
2077,application freezes and has to be force closed,Software,app_crash,"Clear the application cache/profile, repair the Office installation, and check Event Viewer for the specific exception to identify a faulty add-in.",False
2078,prints come out blank asap plz help ticket urgent,Hardware,printer_not_working,"Clear the print queue and restart the print spooler service, reinstall printer driver if offline persists, check toner/ink levels for blank output.",True
2079,second monitor shows no signal,Hardware,monitor_no_display,"Reseat the display cable, verify dock firmware is current, and force-detect displays via display settings; swap cable/port to isolate faulty hardware.",False
2080,windows update stuck at 45 percent for hours,Software,update_failure,"Run the Windows Update troubleshooter, clear the SoftwareDistribution cache, and retry; for persistent 0x8007xxxx errors, run DISM /RestoreHealth.",False
2081,internet dropping every 10 mins on wireless,Network,wifi_no_internet,"Forget and rejoin the WiFi network, renew DHCP lease (ipconfig /release && /renew), and confirm the access point is on the latest firmware.",False
2082,excel closes unexpectedly when opening large files,Software,app_crash,"Clear the application cache/profile, repair the Office installation, and check Event Viewer for the specific exception to identify a faulty add-in.",False
2083,need access to install adobe photoshop,Software,software_install_request,"Submit software request through the self-service catalog for auto-approved titles; for licensed software, route to procurement for license allocation before install.",False
2084,mailbox stuck reconnecting to server,Account_Access_Data,email_not_syncing,"Check mailbox size against quota, repair the Outlook profile/OST file, and verify Exchange server connectivity status.",False
2085,second monitor shows no signal,Hardware,monitor_no_display,"Reseat the display cable, verify dock firmware is current, and force-detect displays via display settings; swap cable/port to isolate faulty hardware.",True
2086,video calls keep freezing due to slow connection,Network,slow_network_speed,"Run a speed test from a wired connection to isolate WiFi vs WAN issues, check for bandwidth-heavy background syncs, and escalate to network team if WAN saturation confirmed.",False
2087,"Wifi shows connected with no internet, exclamation mark on icon",Network,wifi_no_internet,"Forget and rejoin the WiFi network, renew DHCP lease (ipconfig /release && /renew), and confirm the access point is on the latest firmware.",False
2088,outlook keeps crashing on startup,Software,app_crash,"Clear the application cache/profile, repair the Office installation, and check Event Viewer for the specific exception to identify a faulty add-in.",False
2089,sent items not showing up in outlook,Account_Access_Data,email_not_syncing,"Check mailbox size against quota, repair the Outlook profile/OST file, and verify Exchange server connectivity status.",False
2090,"Cannot connect to company VPN, error code 809",Network,vpn_connection_failure,"Restart the VPN client, confirm correct server region, and re-authenticate via SSO. If error 809 persists, check that UDP port 500/4500 is not blocked by local firewall.",False
2091,accidentally deleted an important file need it back,Account_Access_Data,data_recovery_request,"Check the recycle bin/OneDrive version history first; if unavailable, submit a backup restore request with file path and approximate deletion date.",False
2092,lost my phone and cant complete two factor authentication,Access_Login,mfa_issues,"Re-sync the authenticator app time, or issue a temporary bypass code after identity verification. For lost devices, de-register old device and enroll a new one via the security portal.",False
2093,emails delayed by several hours,Account_Access_Data,email_not_syncing,"Check mailbox size against quota, repair the Outlook profile/OST file, and verify Exchange server connectivity status.",True
2094,cannot install latest security patch,Software,update_failure,"Run the Windows Update troubleshooter, clear the SoftwareDistribution cache, and retry; for persistent 0x8007xxxx errors, run DISM /RestoreHealth.",False
2095,cant see the shared drive that my team uses,Account_Access_Data,shared_drive_access,"Verify correct security group membership in AD/IAM, request manager approval if not yet a member, and add user to the relevant access group.",False
2096,computer stuck on boot loop restarting itself,Hardware,laptop_wont_boot,"Confirm power adapter and battery health, attempt a hard reset (hold power 15s), and if no POST, escalate for hardware diagnostic/replacement.",False
2097,vpn client says authentication failed but passwrod is correct,Network,vpn_connection_failure,"Restart the VPN client, confirm correct server region, and re-authenticate via SSO. If error 809 persists, check that UDP port 500/4500 is not blocked by local firewall.",True
2098,need a license for project management tool,Software,software_install_request,"Submit software request through the self-service catalog for auto-approved titles; for licensed software, route to procurement for license allocation before install.",False
2099,sso says invalid session please try again,Access_Login,sso_login_error,"Clear browser cookies/cache for the identity provider domain, confirm system clock is correct, and retry. If persistent, check IdP status page for outages.",False
2100,sso token expired immediately after login,Access_Login,sso_login_error,"Clear browser cookies/cache for the identity provider domain, confirm system clock is correct, and retry. If persistent, check IdP status page for outages.",False
2101,print job stuck in queue,Hardware,printer_not_working,"Clear the print queue and restart the print spooler service, reinstall printer driver if offline persists, check toner/ink levels for blank output.",True
2102,sso token expired immediately after login,Access_Login,sso_login_error,"Clear browser cookies/cache for the identity provider domain, confirm system clock is correct, and retry. If persistent, check IdP status page for outages.",False
2103,account locked after too many login attempts,Access_Login,password_reset,"Verify identity via registered MFA device, then trigger self-service password reset portal. If account is locked, unlock via IAM console after identity verification.",False
2104,need a license for project management tool,Software,software_install_request,"Submit software request through the self-service catalog for auto-approved titles; for licensed software, route to procurement for license allocation before install.",False
2105,software update keeps failing and rolling back,Software,update_failure,"Run the Windows Update troubleshooter, clear the SoftwareDistribution cache, and retry; for persistent 0x8007xxxx errors, run DISM /RestoreHealth.",False
2106,cant install software admin rights required,Software,software_install_request,"Submit software request through the self-service catalog for auto-approved titles; for licensed software, route to procurement for license allocation before install.",True
2107,mailbox stuck reconnecting to server,Account_Access_Data,email_not_syncing,"Check mailbox size against quota, repair the Outlook profile/OST file, and verify Exchange server connectivity status.",False
2108,outlook not syncing new emails,Account_Access_Data,email_not_syncing,"Check mailbox size against quota, repair the Outlook profile/OST file, and verify Exchange server connectivity status.",False
2109,sent items not showing up,Account_Access_Data,email_not_syncing,"Check mailbox size against quota, repair the Outlook profile/OST file, and verify Exchange server connectivity status.",True
2110,printer not responding from my computer,Hardware,printer_not_working,"Clear the print queue and restart the print spooler service, reinstall printer driver if offline persists, check toner/ink levels for blank output.",False
2111,permission denied when opening team folder,Account_Access_Data,shared_drive_access,"Verify correct security group membership in AD/IAM, request manager approval if not yet a member, and add user to the relevant access group.",False
2112,network speed test shows less than 1mbps,Network,slow_network_speed,"Run a speed test from a wired connection to isolate WiFi vs WAN issues, check for bandwidth-heavy background syncs, and escalate to network team if WAN saturation confirmed.",False
2113,external monitor not detected when docked,Hardware,monitor_no_display,"Reseat the display cable, verify dock firmware is current, and force-detect displays via display settings; swap cable/port to isolate faulty hardware.",False
2114,sent items not showing up in outlook,Account_Access_Data,email_not_syncing,"Check mailbox size against quota, repair the Outlook profile/OST file, and verify Exchange server connectivity status.",False
2115,print job stuck in queue forever,Hardware,printer_not_working,"Clear the print queue and restart the print spooler service, reinstall printer driver if offline persists, check toner/ink levels for blank output.",True
2116,video calls keep freezing due to slow connection,Network,slow_network_speed,"Run a speed test from a wired connection to isolate WiFi vs WAN issues, check for bandwidth-heavy background syncs, and escalate to network team if WAN saturation confirmed.",False
2117,need access added to project shared drive,Account_Access_Data,shared_drive_access,"Verify correct security group membership in AD/IAM, request manager approval if not yet a member, and add user to the relevant access group.",False
2118,need access added to project shared drive,Account_Access_Data,shared_drive_access,"Verify correct security group membership in AD/IAM, request manager approval if not yet a member, and add user to the relevant access group.",False
2119,single sign on redirect loop when logging into portal,Access_Login,sso_login_error,"Clear browser cookies/cache for the identity provider domain, confirm system clock is correct, and retry. If persistent, check IdP status page for outages.",False
2120,print job stuck in queue forever,Hardware,printer_not_working,"Clear the print queue and restart the print spooler service, reinstall printer driver if offline persists, check toner/ink levels for blank output.",False
2121,printer not responding from my computer,Hardware,printer_not_working,"Clear the print queue and restart the print spooler service, reinstall printer driver if offline persists, check toner/ink levels for blank output.",False
2122,permission denied when opening team folder,Account_Access_Data,shared_drive_access,"Verify correct security group membership in AD/IAM, request manager approval if not yet a member, and add user to the relevant access group.",False
2123,computer stuck on boot loop restarting itself,Hardware,laptop_wont_boot,"Confirm power adapter and battery health, attempt a hard reset (hold power 15s), and if no POST, escalate for hardware diagnostic/replacement.",False
2124,"authenticator app out of sync, codes rejected",Access_Login,mfa_issues,"Re-sync the authenticator app time, or issue a temporary bypass code after identity verification. For lost devices, de-register old device and enroll a new one via the security portal.",False
2125,connected to office wifi but no internet access,Network,wifi_no_internet,"Forget and rejoin the WiFi network, renew DHCP lease (ipconfig /release && /renew), and confirm the access point is on the latest firmware.",False
2126,cant see the shared drive that my team uses,Account_Access_Data,shared_drive_access,"Verify correct security group membership in AD/IAM, request manager approval if not yet a member, and add user to the relevant access group.",False
2127,requesting installation of visual studio code,Software,software_install_request,"Submit software request through the self-service catalog for auto-approved titles; for licensed software, route to procurement for license allocation before install.",False
2128,need passwrod reset for email account,Access_Login,password_reset,"Verify identity via registered MFA device, then trigger self-service password reset portal. If account is locked, unlock via IAM console after identity verification.",True
2129,update failed with error 0x80070002,Software,update_failure,"Run the Windows Update troubleshooter, clear the SoftwareDistribution cache, and retry; for persistent 0x8007xxxx errors, run DISM /RestoreHealth.",False
2130,cant install software admin rights required,Software,software_install_request,"Submit software request through the self-service catalog for auto-approved titles; for licensed software, route to procurement for license allocation before install.",True
2131,external monitor not detected when docked,Hardware,monitor_no_display,"Reseat the display cable, verify dock firmware is current, and force-detect displays via display settings; swap cable/port to isolate faulty hardware.",True
2132,prnter showing offline even though its on,Hardware,printer_not_working,"Clear the print queue and restart the print spooler service, reinstall printer driver if offline persists, check toner/ink levels for blank output.",True
2133,need access added to project shared drive,Account_Access_Data,shared_drive_access,"Verify correct security group membership in AD/IAM, request manager approval if not yet a member, and add user to the relevant access group.",False
2134,not receiving mfa code on my phone,Access_Login,mfa_issues,"Re-sync the authenticator app time, or issue a temporary bypass code after identity verification. For lost devices, de-register old device and enroll a new one via the security portal.",False
2135,unable to establish vpn tunnel,Network,vpn_connection_failure,"Restart the VPN client, confirm correct server region, and re-authenticate via SSO. If error 809 persists, check that UDP port 500/4500 is not blocked by local firewall.",True
2136,forgot my password and cant login,Access_Login,password_reset,"Verify identity via registered MFA device, then trigger self-service password reset portal. If account is locked, unlock via IAM console after identity verification.",False
2137,file transfers to shared drive are taking forever,Network,slow_network_speed,"Run a speed test from a wired connection to isolate WiFi vs WAN issues, check for bandwidth-heavy background syncs, and escalate to network team if WAN saturation confirmed.",False
2138,internet is extremely slow today,Network,slow_network_speed,"Run a speed test from a wired connection to isolate WiFi vs WAN issues, check for bandwidth-heavy background syncs, and escalate to network team if WAN saturation confirmed.",True
2139,account locked after too many login attempts,Access_Login,password_reset,"Verify identity via registered MFA device, then trigger self-service password reset portal. If account is locked, unlock via IAM console after identity verification.",True
2140,printer showing offline even though its on,Hardware,printer_not_working,"Clear the print queue and restart the print spooler service, reinstall printer driver if offline persists, check toner/ink levels for blank output.",True
2141,print job stuck in queue forever,Hardware,printer_not_working,"Clear the print queue and restart the print spooler service, reinstall printer driver if offline persists, check toner/ink levels for blank output.",False
2142,software crashes with an unhandled exception error,Software,app_crash,"Clear the application cache/profile, repair the Office installation, and check Event Viewer for the specific exception to identify a faulty add-in.",True
2143,laptop wont get an ip address on teh corporate wifi,Network,wifi_no_internet,"Forget and rejoin the WiFi network, renew DHCP lease (ipconfig /release && /renew), and confirm the access point is on the latest firmware.",True
2144,single sign on redirect loop when logging into portal,Access_Login,sso_login_error,"Clear browser cookies/cache for the identity provider domain, confirm system clock is correct, and retry. If persistent, check IdP status page for outages.",False
2145,requesting installation of visual studio code,Software,software_install_request,"Submit software request through the self-service catalog for auto-approved titles; for licensed software, route to procurement for license allocation before install.",False
2146,windows update stuck at 45 percent for hours,Software,update_failure,"Run the Windows Update troubleshooter, clear the SoftwareDistribution cache, and retry; for persistent 0x8007xxxx errors, run DISM /RestoreHealth.",False
2147,need a license for project management tool,Software,software_install_request,"Submit software request through the self-service catalog for auto-approved titles; for licensed software, route to procurement for license allocation before install.",False
2148,file transfers to shared drive are taking forever,Network,slow_network_speed,"Run a speed test from a wired connection to isolate WiFi vs WAN issues, check for bandwidth-heavy background syncs, and escalate to network team if WAN saturation confirmed.",True
2149,printer showing offline even though its on,Hardware,printer_not_working,"Clear the print queue and restart the print spooler service, reinstall printer driver if offline persists, check toner/ink levels for blank output.",False
2150,laptop wont get an ip address on asap plz help ticket urgent,Network,wifi_no_internet,"Forget and rejoin the WiFi network, renew DHCP lease (ipconfig /release && /renew), and confirm the access point is on the latest firmware.",True
2151,update failed with error 0x80070002,Software,update_failure,"Run the Windows Update troubleshooter, clear the SoftwareDistribution cache, and retry; for persistent 0x8007xxxx errors, run DISM /RestoreHealth.",True
2152,update failed with error 0x80070002,Software,update_failure,"Run the Windows Update troubleshooter, clear the SoftwareDistribution cache, and retry; for persistent 0x8007xxxx errors, run DISM /RestoreHealth.",True
2153,network speed test shows less than 1mbps,Network,slow_network_speed,"Run a speed test from a wired connection to isolate WiFi vs WAN issues, check for bandwidth-heavy background syncs, and escalate to network team if WAN saturation confirmed.",False
2154,outlook keeps crashing on startup,Software,app_crash,"Clear the application cache/profile, repair the Office installation, and check Event Viewer for the specific exception to identify a faulty add-in.",False
2155,external monitor not detected when docked,Hardware,monitor_no_display,"Reseat the display cable, verify dock firmware is current, and force-detect displays via display settings; swap cable/port to isolate faulty hardware.",False
2156,sso token expired immediately after login,Access_Login,sso_login_error,"Clear browser cookies/cache for the identity provider domain, confirm system clock is correct, and retry. If persistent, check IdP status page for outages.",False
2157,permission denied when opening team folder,Account_Access_Data,shared_drive_access,"Verify correct security group membership in AD/IAM, request manager approval if not yet a member, and add user to the relevant access group.",False
2158,file transfers to shared drive are taking forever,Network,slow_network_speed,"Run a speed test from a wired connection to isolate WiFi vs WAN issues, check for bandwidth-heavy background syncs, and escalate to network team if WAN saturation confirmed.",False
2159,connected to office wifi but no internet acess asap plz help ticket urgent,Network,wifi_no_internet,"Forget and rejoin the WiFi network, renew DHCP lease (ipconfig /release && /renew), and confirm the access point is on the latest firmware.",True
2160,dont have access to the finance shared drive,Account_Access_Data,shared_drive_access,"Verify correct security group membership in AD/IAM, request manager approval if not yet a member, and add user to the relevant access group.",False
2161,unable to establish vpn tunnel from home network,Network,vpn_connection_failure,"Restart the VPN client, confirm correct server region, and re-authenticate via SSO. If error 809 persists, check that UDP port 500/4500 is not blocked by local firewall.",False
2162,dont have access to the finance shared drive,Account_Access_Data,shared_drive_access,"Verify correct security group membership in AD/IAM, request manager approval if not yet a member, and add user to the relevant access group.",False
2163,need a license for project management tool,Software,software_install_request,"Submit software request through the self-service catalog for auto-approved titles; for licensed software, route to procurement for license allocation before install.",False
2164,need to restore a folder from last week,Account_Access_Data,data_recovery_request,"Check the recycle bin/OneDrive version history first; if unavailable, submit a backup restore request with file path and approximate deletion date.",False
2165,account locked after too many login attempts,Access_Login,password_reset,"Verify identity via registered MFA device, then trigger self-service password reset portal. If account is locked, unlock via IAM console after identity verification.",False
2166,"Wifi shows connected with no internet, exclamation mark on icon",Network,wifi_no_internet,"Forget and rejoin the WiFi network, renew DHCP lease (ipconfig /release && /renew), and confirm the access point is on the latest firmware.",False
2167,"cant access okta dashboard, blank page after login",Access_Login,sso_login_error,"Clear browser cookies/cache for the identity provider domain, confirm system clock is correct, and retry. If persistent, check IdP status page for outages.",False
2168,outlook keeps crashing on startup,Software,app_crash,"Clear the application cache/profile, repair the Office installation, and check Event Viewer for the specific exception to identify a faulty add-in.",True
2169,VPN keps disconnecting every few minutes,Network,vpn_connection_failure,"Restart the VPN client, confirm correct server region, and re-authenticate via SSO. If error 809 persists, check that UDP port 500/4500 is not blocked by local firewall.",True
2170,update failed with error 0x80070002,Software,update_failure,"Run the Windows Update troubleshooter, clear the SoftwareDistribution cache, and retry; for persistent 0x8007xxxx errors, run DISM /RestoreHealth.",True
2171,accidentally deleted an important file need it back,Account_Access_Data,data_recovery_request,"Check the recycle bin/OneDrive version history first; if unavailable, submit a backup restore request with file path and approximate deletion date.",False
2172,windows update stuck at 45 percent for hours,Software,update_failure,"Run the Windows Update troubleshooter, clear the SoftwareDistribution cache, and retry; for persistent 0x8007xxxx errors, run DISM /RestoreHealth.",False
2173,prints come out blank asap plz help ticket urgent,Hardware,printer_not_working,"Clear the print queue and restart the print spooler service, reinstall printer driver if offline persists, check toner/ink levels for blank output.",True
2174,second monitor shows no signal,Hardware,monitor_no_display,"Reseat the display cable, verify dock firmware is current, and force-detect displays via display settings; swap cable/port to isolate faulty hardware.",False
2175,not receiving mfa code on my phone,Access_Login,mfa_issues,"Re-sync the authenticator app time, or issue a temporary bypass code after identity verification. For lost devices, de-register old device and enroll a new one via the security portal.",True
2176,forgot my passwrod adn cant login,Access_Login,password_reset,"Verify identity via registered MFA device, then trigger self-service password reset portal. If account is locked, unlock via IAM console after identity verification.",True
2177,internet is extremely slow today,Network,slow_network_speed,"Run a speed test from a wired connection to isolate WiFi vs WAN issues, check for bandwidth-heavy background syncs, and escalate to network team if WAN saturation confirmed.",False
2178,forgot my password and cant login,Access_Login,password_reset,"Verify identity via registered MFA device, then trigger self-service password reset portal. If account is locked, unlock via IAM console after identity verification.",False
2179,"Cannot connect to company VPN, error code 809",Network,vpn_connection_failure,"Restart the VPN client, confirm correct server region, and re-authenticate via SSO. If error 809 persists, check that UDP port 500/4500 is not blocked by local firewall.",False
2180,lost files after a sync error,Account_Access_Data,data_recovery_request,"Check the recycle bin/OneDrive version history first; if unavailable, submit a backup restore request with file path and approximate deletion date.",False
2181,laptop wont turn on at all,Hardware,laptop_wont_boot,"Confirm power adapter and battery health, attempt a hard reset (hold power 15s), and if no POST, escalate for hardware diagnostic/replacement.",False
2182,unable to establish vpn tunnel from home network,Network,vpn_connection_failure,"Restart the VPN client, confirm correct server region, and re-authenticate via SSO. If error 809 persists, check that UDP port 500/4500 is not blocked by local firewall.",False
2183,outlook keeps crashing on startup,Software,app_crash,"Clear the application cache/profile, repair the Office installation, and check Event Viewer for the specific exception to identify a faulty add-in.",False
2184,software crashes with an unhandled exception error asap plz help ticket urgent,Software,app_crash,"Clear the application cache/profile, repair the Office installation, and check Event Viewer for the specific exception to identify a faulty add-in.",True
2185,"cant access okta dashboard, blank page after login",Access_Login,sso_login_error,"Clear browser cookies/cache for the identity provider domain, confirm system clock is correct, and retry. If persistent, check IdP status page for outages.",False
2186,authenticator app out of sync,Access_Login,mfa_issues,"Re-sync the authenticator app time, or issue a temporary bypass code after identity verification. For lost devices, de-register old device and enroll a new one via the security portal.",True
2187,application freezes adn has to be force closed,Software,app_crash,"Clear the application cache/profile, repair the Office installation, and check Event Viewer for the specific exception to identify a faulty add-in.",True
2188,need to restore a folder from last week,Account_Access_Data,data_recovery_request,"Check the recycle bin/OneDrive version history first; if unavailable, submit a backup restore request with file path and approximate deletion date.",True
2189,need access to install adobe photoshop,Software,software_install_request,"Submit software request through the self-service catalog for auto-approved titles; for licensed software, route to procurement for license allocation before install.",False
2190,need password reset for email account,Access_Login,password_reset,"Verify identity via registered MFA device, then trigger self-service password reset portal. If account is locked, unlock via IAM console after identity verification.",False
2191,sso says invalid session please try again,Access_Login,sso_login_error,"Clear browser cookies/cache for the identity provider domain, confirm system clock is correct, and retry. If persistent, check IdP status page for outages.",False
2192,connected to office wifi but no internert access,Network,wifi_no_internet,"Forget and rejoin the WiFi network, renew DHCP lease (ipconfig /release && /renew), and confirm the access point is on the latest firmware.",True
2193,internet dropping every 10 mins on wireless asap plz help ticket urgent,Network,wifi_no_internet,"Forget and rejoin the WiFi network, renew DHCP lease (ipconfig /release && /renew), and confirm the access point is on the latest firmware.",True
2194,laptop wont turn on at all,Hardware,laptop_wont_boot,"Confirm power adapter and battery health, attempt a hard reset (hold power 15s), and if no POST, escalate for hardware diagnostic/replacement.",True
2195,cant see the shared drive that my team uses,Account_Access_Data,shared_drive_access,"Verify correct security group membership in AD/IAM, request manager approval if not yet a member, and add user to the relevant access group.",False
2196,sso token expired immediately after login asap plz help ticket urgent,Access_Login,sso_login_error,"Clear browser cookies/cache for the identity provider domain, confirm system clock is correct, and retry. If persistent, check IdP status page for outages.",True
2197,laptop wont get an ip address on the corporate wifi,Network,wifi_no_internet,"Forget and rejoin the WiFi network, renew DHCP lease (ipconfig /release && /renew), and confirm the access point is on the latest firmware.",False
2198,printer showing offline even though its on,Hardware,printer_not_working,"Clear the print queue and restart the print spooler service, reinstall printer driver if offline persists, check toner/ink levels for blank output.",False
2199,need to restore a folder from last week,Account_Access_Data,data_recovery_request,"Check the recycle bin/OneDrive version history first; if unavailable, submit a backup restore request with file path and approximate deletion date.",False
